TriggerID,ImageFile1,ImageDate1,ImageFile2,ImageDate2,subject_id,project_id,workflow_id,subject_set_id,classifications_count,retired_at,retirement_reason,created_at,updated_at,location_list_0,location_list_1,class.count,top_identity,top_value,consensus_pct
GCETRF_CC_13Sep2021_06030005_frame1,06030005_frame_101.png,6/4/2021 0:59,06030005_frame_102.png,6/4/2021 0:59,99750645,9858,26731,120984,10,2024-06-25 22:08:00 UTC,classification_count,2024-06-03 20:27:26 UTC,2024-06-03 20:27:26 UTC,https://panoptes-uploads.zooniverse.org/subject_location/7afbdbea-f0c7-42c5-8ed9-83bded398f13.png,https://panoptes-uploads.zooniverse.org/subject_location/7b3a2e2d-94db-4a67-b0ad-e4808328da5e.png,10,PARTIALANIMAL,6,60
GCETRF_CC_13Sep2021_06040006_frame1,06040006_frame_101.png,6/4/2021 12:31,06040006_frame_102.png,6/4/2021 12:31,99750639,9858,26731,120984,10,2024-06-26 12:38:15 UTC,classification_count,2024-06-03 20:27:24 UTC,2024-06-03 20:27:24 UTC,https://panoptes-uploads.zooniverse.org/subject_location/d32ccbc5-0c70-4b26-bfb0-bbdc6d9a5220.png,https://panoptes-uploads.zooniverse.org/subject_location/c19676cc-2d93-42e0-9930-07a06c5f5dd6.png,10,RINGTAIL,8,80
GCETRF_CC_13Sep2021_06100014_frame1,06100014_frame_101.png,6/11/2021 2:06,06100014_frame_102.png,6/11/2021 2:06,99750646,9858,26731,120984,10,2024-06-26 13:13:28 UTC,classification_count,2024-06-03 20:27:26 UTC,2024-06-03 20:27:26 UTC,https://panoptes-uploads.zooniverse.org/subject_location/c9f58d4a-97da-4820-b836-a2b4e25af779.png,https://panoptes-uploads.zooniverse.org/subject_location/c9105553-06d1-47a8-873e-29e359dc5adc.png,10,NOTHINGHERE,4,40
GCETRF_CC_13Sep2021_06130020_frame1,06130020_frame_101.png,6/14/2021 3:23,06130020_frame_102.png,6/14/2021 3:23,99750647,9858,26731,120984,10,2024-06-25 21:49:54 UTC,classification_count,2024-06-03 20:27:26 UTC,2024-06-03 20:27:26 UTC,https://panoptes-uploads.zooniverse.org/subject_location/ae331f10-2f01-4536-9992-203cb2f0db00.png,https://panoptes-uploads.zooniverse.org/subject_location/fe22093c-e414-4199-bda0-4357c7cfbe69.png,10,NOTHINGHERE,4,40
GCETRF_CC_13Sep2021_06130021_frame1,06130021_frame_101.png,6/14/2021 3:24,06130021_frame_102.png,6/14/2021 3:24,99750648,9858,26731,120984,10,2024-06-24 14:33:57 UTC,classification_count,2024-06-03 20:27:26 UTC,2024-06-03 20:27:26 UTC,https://panoptes-uploads.zooniverse.org/subject_location/6d6e389d-e3b5-47a8-86e0-697020cf42fa.png,https://panoptes-uploads.zooniverse.org/subject_location/b89cc05b-1084-4162-b849-962f17535dad.png,10,NOTHINGHERE,6,60
GCETRF_CC_13Sep2021_06130023_frame1,06130023_frame_101.png,6/14/2021 5:43,06130023_frame_102.png,6/14/2021 5:43,99750652,9858,26731,120984,10,2024-06-25 19:54:38 UTC,classification_count,2024-06-03 20:27:27 UTC,2024-06-03 20:27:27 UTC,https://panoptes-uploads.zooniverse.org/subject_location/81b4cd11-b36e-4c08-96e7-44e0ad428ed0.png,https://panoptes-uploads.zooniverse.org/subject_location/8ee88683-1fac-4930-a393-975da76b23e4.png,10,PARTIALANIMAL,3,30
GCETRF_CC_13Sep2021_06140029_frame1,06140029_frame_101.png,6/14/2021 23:35,06140029_frame_102.png,6/14/2021 23:35,99750660,9858,26731,120984,11,2024-06-21 21:23:19 UTC,classification_count,2024-06-03 20:27:30 UTC,2024-06-03 20:27:30 UTC,https://panoptes-uploads.zooniverse.org/subject_location/d748a920-0794-4d86-bacc-34ebb6ff35f2.png,https://panoptes-uploads.zooniverse.org/subject_location/28947d94-a3b3-49b7-9f67-761653d3cdea.png,11,PARTIALANIMAL,5,45.45
GCETRF_CC_13Sep2021_06140030_frame1,06140030_frame_101.png,6/14/2021 23:37,06140030_frame_102.png,6/14/2021 23:37,99750662,9858,26731,120984,11,2024-06-26 12:28:12 UTC,classification_count,2024-06-03 20:27:31 UTC,2024-06-03 20:27:31 UTC,https://panoptes-uploads.zooniverse.org/subject_location/62594346-2470-4c6a-8839-eaa29d6cf407.png,https://panoptes-uploads.zooniverse.org/subject_location/5ad4a956-bf34-4aec-b078-f8edabb28abd.png,11,PARTIALANIMAL,6,54.55
GCETRF_CC_13Sep2021_06140033_frame1,06140033_frame_101.png,6/15/2021 1:15,06140033_frame_102.png,6/15/2021 1:15,99750665,9858,26731,120984,10,2024-06-23 22:15:59 UTC,classification_count,2024-06-03 20:27:32 UTC,2024-06-03 20:27:32 UTC,https://panoptes-uploads.zooniverse.org/subject_location/f88a88cc-1d54-4ee2-b0fd-641b81bf87e4.png,https://panoptes-uploads.zooniverse.org/subject_location/1731da85-7e2e-40aa-9d21-9185791bb5a4.png,10,NOTHINGHERE,6,60
GCETRF_CC_13Sep2021_06140034_frame1,06140034_frame_101.png,6/15/2021 6:50,06140034_frame_102.png,6/15/2021 6:50,99750666,9858,26731,120984,10,2024-06-24 20:42:58 UTC,classification_count,2024-06-03 20:27:32 UTC,2024-06-03 20:27:32 UTC,https://panoptes-uploads.zooniverse.org/subject_location/cfef2d0c-7b8d-4172-bc38-1a9304fee0ec.png,https://panoptes-uploads.zooniverse.org/subject_location/4cb93c0b-0974-45e5-b23d-4cd560b36180.png,10,NOTHINGHERE,9,90
GCETRF_CC_13Sep2021_06160036_frame1,06160036_frame_101.png,6/17/2021 6:16,06160036_frame_102.png,6/17/2021 6:16,99750673,9858,26731,120984,10,2024-06-25 15:16:42 UTC,classification_count,2024-06-03 20:27:34 UTC,2024-06-03 20:27:34 UTC,https://panoptes-uploads.zooniverse.org/subject_location/2b3c3beb-0bf0-4b54-a42d-83932cc9dc82.png,https://panoptes-uploads.zooniverse.org/subject_location/d2786a85-fb5a-4002-834b-032db6759fad.png,10,NOTHINGHERE,10,100
GCETRF_CC_13Sep2021_06170038_frame1,06170038_frame_101.png,6/17/2021 10:16,06170038_frame_102.png,6/17/2021 10:16,99750675,9858,26731,120984,10,2024-06-24 20:42:44 UTC,classification_count,2024-06-03 20:27:34 UTC,2024-06-03 20:27:34 UTC,https://panoptes-uploads.zooniverse.org/subject_location/53fc9934-8b61-4948-8036-81b6de980fe4.png,https://panoptes-uploads.zooniverse.org/subject_location/202f8cde-76a8-43ad-966f-c603844a7776.png,10,NOTHINGHERE,10,100
GCETRF_CC_13Sep2021_06170039_frame1,06170039_frame_101.png,6/17/2021 10:18,06170039_frame_102.png,6/17/2021 10:18,99750679,9858,26731,120984,10,2024-06-26 07:26:46 UTC,classification_count,2024-06-03 20:27:37 UTC,2024-06-03 20:27:37 UTC,https://panoptes-uploads.zooniverse.org/subject_location/5a555705-bea0-4d2b-950c-d91c3c19f298.png,https://panoptes-uploads.zooniverse.org/subject_location/a87c4a6f-0063-4e1e-abcf-b7e6079af5b2.png,10,NOTHINGHERE,10,100
GCETRF_CC_13Sep2021_06170040_frame1,06170040_frame_101.png,6/17/2021 10:19,06170040_frame_102.png,6/17/2021 10:19,99750680,9858,26731,120984,10,2024-06-25 13:42:09 UTC,classification_count,2024-06-03 20:27:37 UTC,2024-06-03 20:27:37 UTC,https://panoptes-uploads.zooniverse.org/subject_location/5825ddf6-7421-4664-a0cc-269c6dfa2f44.png,https://panoptes-uploads.zooniverse.org/subject_location/09c61da6-6dd7-4f92-a897-f4e41d4e1b0f.png,10,NOTHINGHERE,10,100
GCETRF_CC_13Sep2021_06170041_frame1,06170041_frame_101.png,6/17/2021 10:21,06170041_frame_102.png,6/17/2021 10:21,99750683,9858,26731,120984,10,2024-06-24 18:03:45 UTC,classification_count,2024-06-03 20:27:37 UTC,2024-06-03 20:27:37 UTC,https://panoptes-uploads.zooniverse.org/subject_location/ad971815-91bb-4e1c-bcb4-f070eae6db73.png,https://panoptes-uploads.zooniverse.org/subject_location/c2996621-a69a-4ef5-9869-c8c8fe70fa35.png,10,NOTHINGHERE,10,100
GCETRF_CC_13Sep2021_06170042_frame1,06170042_frame_101.png,6/17/2021 10:25,06170042_frame_102.png,6/17/2021 10:25,99750684,9858,26731,120984,10,2024-06-26 07:44:27 UTC,classification_count,2024-06-03 20:27:38 UTC,2024-06-03 20:27:38 UTC,https://panoptes-uploads.zooniverse.org/subject_location/af4cee23-a81f-44a1-8125-dd33e14f1e0c.png,https://panoptes-uploads.zooniverse.org/subject_location/48714665-08e0-497c-b423-958304b6332b.png,10,NOTHINGHERE,10,100
GCETRF_CC_13Sep2021_06170043_frame1,06170043_frame_101.png,6/17/2021 11:52,06170043_frame_102.png,6/17/2021 11:52,99750688,9858,26731,120984,10,2024-06-26 09:56:58 UTC,classification_count,2024-06-03 20:27:40 UTC,2024-06-03 20:27:40 UTC,https://panoptes-uploads.zooniverse.org/subject_location/e4665413-a1da-4225-a59f-6c7781828299.png,https://panoptes-uploads.zooniverse.org/subject_location/c32f1e94-b243-4f88-b6ec-f7b6427e3ec1.png,10,NOTHINGHERE,10,100
GCETRF_CC_13Sep2021_06170044_frame1,06170044_frame_101.png,6/17/2021 12:38,06170044_frame_102.png,6/17/2021 12:38,99750689,9858,26731,120984,10,2024-06-23 20:31:06 UTC,classification_count,2024-06-03 20:27:40 UTC,2024-06-03 20:27:40 UTC,https://panoptes-uploads.zooniverse.org/subject_location/300fc995-c9e0-495a-9496-071e8929bbc9.png,https://panoptes-uploads.zooniverse.org/subject_location/dcceeb61-a8a8-40cf-b2b5-d0f6b116fb8a.png,10,NOTHINGHERE,10,100
GCETRF_CC_13Sep2021_06170045_frame1,06170045_frame_101.png,6/17/2021 12:39,06170045_frame_102.png,6/17/2021 12:39,99750694,9858,26731,120984,10,2024-06-26 06:59:19 UTC,classification_count,2024-06-03 20:27:42 UTC,2024-06-03 20:27:42 UTC,https://panoptes-uploads.zooniverse.org/subject_location/3a3d9fbb-cce9-4fef-b444-10e7cc9044e5.png,https://panoptes-uploads.zooniverse.org/subject_location/47219226-2932-4144-ac8e-759e36f922db.png,10,NOTHINGHERE,10,100
GCETRF_CC_13Sep2021_06170046_frame1,06170046_frame_101.png,6/17/2021 12:41,06170046_frame_102.png,6/17/2021 12:41,99750696,9858,26731,120984,10,2024-06-24 16:07:43 UTC,classification_count,2024-06-03 20:27:43 UTC,2024-06-03 20:27:43 UTC,https://panoptes-uploads.zooniverse.org/subject_location/ea63397e-da11-40d2-bba2-cded4f799148.png,https://panoptes-uploads.zooniverse.org/subject_location/c44a69f9-b862-4c17-ae66-3d684a9913fc.png,10,NOTHINGHERE,10,100
GCETRF_CC_13Sep2021_06170047_frame1,06170047_frame_101.png,6/17/2021 12:43,06170047_frame_102.png,6/17/2021 12:43,99750697,9858,26731,120984,10,2024-06-25 22:06:52 UTC,classification_count,2024-06-03 20:27:43 UTC,2024-06-03 20:27:43 UTC,https://panoptes-uploads.zooniverse.org/subject_location/19d36076-9f02-4482-85f2-78ce85eaa899.png,https://panoptes-uploads.zooniverse.org/subject_location/7fc0132f-2826-4119-8546-61dda2c0c8cb.png,10,NOTHINGHERE,10,100
GCETRF_CC_13Sep2021_06170048_frame1,06170048_frame_101.png,6/17/2021 18:51,06170048_frame_102.png,6/17/2021 18:51,99750701,9858,26731,120984,10,2024-06-25 09:48:29 UTC,classification_count,2024-06-03 20:27:45 UTC,2024-06-03 20:27:45 UTC,https://panoptes-uploads.zooniverse.org/subject_location/49a7950a-0aa7-4b3a-920d-9690c1d410f5.png,https://panoptes-uploads.zooniverse.org/subject_location/d943cb89-5905-47c0-a6c3-9f560fa58ee6.png,10,NOTHINGHERE,10,100
GCETRF_CC_13Sep2021_06170049_frame1,06170049_frame_101.png,6/17/2021 19:10,06170049_frame_102.png,6/17/2021 19:10,99750702,9858,26731,120984,10,2024-06-25 17:29:10 UTC,classification_count,2024-06-03 20:27:45 UTC,2024-06-03 20:27:45 UTC,https://panoptes-uploads.zooniverse.org/subject_location/f2128720-27f1-4a01-8867-b31e6f728732.png,https://panoptes-uploads.zooniverse.org/subject_location/1d9282c9-d752-4c0f-a0a6-0158752817c0.png,10,NOTHINGHERE,10,100
GCETRF_CC_13Sep2021_06170050_frame1,06170050_frame_101.png,6/17/2021 19:12,06170050_frame_102.png,6/17/2021 19:12,99750703,9858,26731,120984,10,2024-06-25 22:11:15 UTC,classification_count,2024-06-03 20:27:46 UTC,2024-06-03 20:27:46 UTC,https://panoptes-uploads.zooniverse.org/subject_location/0918d744-9c53-450a-99f5-6f19b35d5d39.png,https://panoptes-uploads.zooniverse.org/subject_location/1de316d6-5374-42b6-ae69-0fc12abce7d9.png,10,NOTHINGHERE,9,90
GCETRF_CC_13Sep2021_06170051_frame1,06170051_frame_101.png,6/17/2021 19:13,06170051_frame_102.png,6/17/2021 19:13,99750705,9858,26731,120984,10,2024-06-26 04:00:02 UTC,classification_count,2024-06-03 20:27:47 UTC,2024-06-03 20:27:47 UTC,https://panoptes-uploads.zooniverse.org/subject_location/94c0eb39-3ccd-4c9c-9167-d508e8157e62.png,https://panoptes-uploads.zooniverse.org/subject_location/0f66608a-6925-4e37-8c53-83ebacf4167e.png,10,NOTHINGHERE,9,90
GCETRF_CC_13Sep2021_06210052_frame1,06210052_frame_101.png,6/22/2021 1:00,06210052_frame_102.png,6/22/2021 1:00,99750707,9858,26731,120984,10,2024-06-25 05:38:09 UTC,classification_count,2024-06-03 20:27:49 UTC,2024-06-03 20:27:49 UTC,https://panoptes-uploads.zooniverse.org/subject_location/67ddd164-3eaf-4101-a1ea-4b53d49ae1c4.png,https://panoptes-uploads.zooniverse.org/subject_location/d7020240-6015-4cf2-8343-32def64335cf.png,10,NOTHINGHERE,7,70
GCETRF_CC_13Sep2021_06220054_frame1,06220054_frame_101.png,6/23/2021 5:25,06220054_frame_102.png,6/23/2021 5:25,99750709,9858,26731,120984,10,2024-06-26 11:42:00 UTC,classification_count,2024-06-03 20:27:51 UTC,2024-06-03 20:27:51 UTC,https://panoptes-uploads.zooniverse.org/subject_location/042fdf49-c197-4dd5-8adc-302b74df069f.png,https://panoptes-uploads.zooniverse.org/subject_location/b8f32de8-8da5-4625-8c98-bf4a98084526.png,10,PARTIALANIMAL,9,90
GCETRF_CC_13Sep2021_06220055_frame1,06220055_frame_101.png,6/23/2021 7:55,06220055_frame_102.png,6/23/2021 7:55,99750710,9858,26731,120984,10,2024-06-25 22:08:33 UTC,classification_count,2024-06-03 20:27:51 UTC,2024-06-03 20:27:51 UTC,https://panoptes-uploads.zooniverse.org/subject_location/ec12e7be-6c0e-4ad1-8fee-97ea4547cdd8.png,https://panoptes-uploads.zooniverse.org/subject_location/19f632c4-4b6d-4888-a688-6f6777eec9c6.png,10,PARTIALANIMAL,7,70
GCETRF_CC_13Sep2021_06220056_frame1,06220056_frame_101.png,6/23/2021 9:50,06220056_frame_102.png,6/23/2021 9:50,99750712,9858,26731,120984,10,2024-06-24 18:02:46 UTC,classification_count,2024-06-03 20:27:52 UTC,2024-06-03 20:27:52 UTC,https://panoptes-uploads.zooniverse.org/subject_location/17509ef1-e36b-4566-b568-4975697dcd59.png,https://panoptes-uploads.zooniverse.org/subject_location/834e548a-79cd-4f30-a619-653a7070ed36.png,10,NOTHINGHERE,10,100
GCETRF_CC_13Sep2021_06220057_frame1,06220057_frame_101.png,6/23/2021 9:51,06220057_frame_102.png,6/23/2021 9:51,99750714,9858,26731,120984,10,2024-06-24 19:48:38 UTC,classification_count,2024-06-03 20:27:54 UTC,2024-06-03 20:27:54 UTC,https://panoptes-uploads.zooniverse.org/subject_location/8355ed88-cf4a-4e7d-a61f-982821609484.png,https://panoptes-uploads.zooniverse.org/subject_location/550b4088-1ec8-432a-b275-99ee467d8986.png,10,PARTIALANIMAL,6,60
GCETRF_CC_13Sep2021_06240059_frame1,06240059_frame_101.png,6/25/2021 4:12,06240059_frame_102.png,6/25/2021 4:12,99750716,9858,26731,120984,10,2024-06-25 20:16:51 UTC,classification_count,2024-06-03 20:27:55 UTC,2024-06-03 20:27:55 UTC,https://panoptes-uploads.zooniverse.org/subject_location/f6731ff5-9507-476e-b728-6da9e4efb631.png,https://panoptes-uploads.zooniverse.org/subject_location/8ee0510f-4082-4c89-80db-2876111d3f63.png,10,PARTIALANIMAL,4,40
GCETRF_CC_13Sep2021_06270061_frame1,06270061_frame_101.png,6/28/2021 5:55,06270061_frame_102.png,6/28/2021 5:55,99750717,9858,26731,120984,10,2024-06-26 04:57:45 UTC,classification_count,2024-06-03 20:27:56 UTC,2024-06-03 20:27:56 UTC,https://panoptes-uploads.zooniverse.org/subject_location/a6b1cade-f67e-4616-857a-a1b6f3e3b854.png,https://panoptes-uploads.zooniverse.org/subject_location/9097dd8b-c773-4e0e-ab9c-77e752761862.png,10,RINGTAIL,6,60
GCETRF_CC_13Sep2021_06280062_frame1,06280062_frame_101.png,6/29/2021 6:23,06280062_frame_102.png,6/29/2021 6:23,99750720,9858,26731,120984,10,2024-06-26 07:46:54 UTC,classification_count,2024-06-03 20:27:58 UTC,2024-06-03 20:27:58 UTC,https://panoptes-uploads.zooniverse.org/subject_location/84ffde23-ce2c-4996-afe4-b29444d66709.png,https://panoptes-uploads.zooniverse.org/subject_location/28e53967-b02b-48bd-b990-fa083ae1869a.png,10,NOTHINGHERE,10,100
GCETRF_CC_13Sep2021_07010063_frame1,07010063_frame_101.png,7/1/2021 12:28,07010063_frame_102.png,7/1/2021 12:28,99750721,9858,26731,120984,10,2024-06-26 10:51:21 UTC,classification_count,2024-06-03 20:27:58 UTC,2024-06-03 20:27:58 UTC,https://panoptes-uploads.zooniverse.org/subject_location/6021c123-0b6d-45e7-aeda-91139b4abe1a.png,https://panoptes-uploads.zooniverse.org/subject_location/b3912e14-a997-4b3a-b997-d79ee7de4794.png,10,PARTIALANIMAL,6,60
GCETRF_CC_13Sep2021_07150064_frame1,07150064_frame_101.png,7/15/2021 15:54,07150064_frame_102.png,7/15/2021 15:54,99750722,9858,26731,120984,10,2024-06-26 04:06:54 UTC,classification_count,2024-06-03 20:27:58 UTC,2024-06-03 20:27:58 UTC,https://panoptes-uploads.zooniverse.org/subject_location/94649c94-3ee6-4753-9b3c-e3d1079d85c9.png,https://panoptes-uploads.zooniverse.org/subject_location/27defc24-7dc2-4765-8b4c-5aed2e54462b.png,10,PARTIALANIMAL,4,40
GCETRF_CC_13Sep2021_07240065_frame1,07240065_frame_101.png,7/25/2021 8:17,07240065_frame_102.png,7/25/2021 8:17,99750723,9858,26731,120984,10,2024-06-26 05:51:44 UTC,classification_count,2024-06-03 20:27:59 UTC,2024-06-03 20:27:59 UTC,https://panoptes-uploads.zooniverse.org/subject_location/3d36b1ea-90dc-46ca-92f2-6e96637a69bd.png,https://panoptes-uploads.zooniverse.org/subject_location/6974fcc8-c95a-426f-8f50-73d8ec5a0555.png,10,PARTIALANIMAL,6,60
GCETRF_CC_13Sep2021_07280066_frame1,07280066_frame_101.png,7/29/2021 9:03,07280066_frame_102.png,7/29/2021 9:03,99750730,9858,26731,120984,10,2024-06-24 00:52:24 UTC,classification_count,2024-06-03 20:28:02 UTC,2024-06-03 20:28:02 UTC,https://panoptes-uploads.zooniverse.org/subject_location/1606ccbf-676e-4f9b-a7f2-069740a854a7.png,https://panoptes-uploads.zooniverse.org/subject_location/0a7fccaf-dbf4-487c-b698-3e97ff766d12.png,10,PARTIALANIMAL,8,80
GCETRF_CC_13Sep2021_08020069_frame1,08020069_frame_101.png,8/3/2021 2:08,08020069_frame_102.png,8/3/2021 2:08,99750731,9858,26731,120984,10,2024-06-26 09:19:30 UTC,classification_count,2024-06-03 20:28:02 UTC,2024-06-03 20:28:02 UTC,https://panoptes-uploads.zooniverse.org/subject_location/14ce98c8-05bc-4879-bd39-b3f905d3215e.png,https://panoptes-uploads.zooniverse.org/subject_location/d12676de-1166-46db-9914-e89bd1d76fb1.png,10,PARTIALANIMAL,9,90
GCETRF_CC_13Sep2021_08020070_frame1,08020070_frame_101.png,8/3/2021 2:09,08020070_frame_102.png,8/3/2021 2:09,99750734,9858,26731,120984,10,2024-06-25 03:00:42 UTC,classification_count,2024-06-03 20:28:03 UTC,2024-06-03 20:28:03 UTC,https://panoptes-uploads.zooniverse.org/subject_location/656c1d31-acc8-4e4b-9c44-72b79cb31599.png,https://panoptes-uploads.zooniverse.org/subject_location/4851003b-8f49-4144-aa95-c26e1d7c24e6.png,10,PARTIALANIMAL,7,70
GCETRF_CC_13Sep2021_08020072_frame1,08020072_frame_101.png,8/3/2021 2:11,08020072_frame_102.png,8/3/2021 2:11,99750743,9858,26731,120984,10,2024-06-26 07:28:14 UTC,classification_count,2024-06-03 20:28:05 UTC,2024-06-03 20:28:05 UTC,https://panoptes-uploads.zooniverse.org/subject_location/b516f0b4-8f92-430b-b075-557ba35ea47e.png,https://panoptes-uploads.zooniverse.org/subject_location/fef97ced-8543-46be-bf8e-94a9aeb37003.png,10,PARTIALANIMAL,4,40
GCETRF_CC_13Sep2021_08040075_frame1,08040075_frame_101.png,8/4/2021 20:33,08040075_frame_102.png,8/4/2021 20:33,99750744,9858,26731,120984,10,2024-06-23 23:34:04 UTC,classification_count,2024-06-03 20:28:05 UTC,2024-06-03 20:28:05 UTC,https://panoptes-uploads.zooniverse.org/subject_location/174f6d95-37e5-4cef-a122-5c2f99387692.png,https://panoptes-uploads.zooniverse.org/subject_location/9f4b8231-286f-41ab-b3c6-c581b12a96f1.png,10,NOTHINGHERE,9,90
GCETRF_CC_13Sep2021_08040076_frame1,08040076_frame_101.png,8/4/2021 20:35,08040076_frame_102.png,8/4/2021 20:35,99750747,9858,26731,120984,10,2024-06-26 07:30:56 UTC,classification_count,2024-06-03 20:28:05 UTC,2024-06-03 20:28:05 UTC,https://panoptes-uploads.zooniverse.org/subject_location/02d9af80-c753-4a92-b8a7-7a25e6f027dd.png,https://panoptes-uploads.zooniverse.org/subject_location/ff126a5f-1c65-4eae-ab8a-b281c1c408ed.png,10,NOTHINGHERE,10,100
GCETRF_CC_13Sep2021_08040077_frame1,08040077_frame_101.png,8/5/2021 1:13,08040077_frame_102.png,8/5/2021 1:13,99750759,9858,26731,120984,10,2024-06-26 04:13:11 UTC,classification_count,2024-06-03 20:28:08 UTC,2024-06-03 20:28:08 UTC,https://panoptes-uploads.zooniverse.org/subject_location/ebe20979-7f94-4f1a-a8ab-e40283ee3918.png,https://panoptes-uploads.zooniverse.org/subject_location/5eff4e97-94f6-49a4-9de0-cc3fd6ad39fa.png,10,NOTHINGHERE,10,100
GCETRF_CC_13Sep2021_08050078_frame1,08050078_frame_101.png,8/6/2021 6:58,08050078_frame_102.png,8/6/2021 6:58,99750761,9858,26731,120984,10,2024-06-24 19:21:22 UTC,classification_count,2024-06-03 20:28:08 UTC,2024-06-03 20:28:08 UTC,https://panoptes-uploads.zooniverse.org/subject_location/8cd7e462-5767-48ae-8ecc-10eba88f1e08.png,https://panoptes-uploads.zooniverse.org/subject_location/a221a3db-95af-4915-a733-f88ef62679f4.png,10,PARTIALANIMAL,7,70
GCETRF_CC_13Sep2021_08190079_frame1,08190079_frame_101.png,8/19/2021 22:28,08190079_frame_102.png,8/19/2021 22:28,99750772,9858,26731,120984,10,2024-06-26 12:05:15 UTC,classification_count,2024-06-03 20:28:10 UTC,2024-06-03 20:28:10 UTC,https://panoptes-uploads.zooniverse.org/subject_location/a1b1f765-9c9c-42be-b270-c2ad864dc49f.png,https://panoptes-uploads.zooniverse.org/subject_location/7f10cb8e-ecbd-47d6-9c3c-bf798de0504d.png,10,NOTHINGHERE,10,100
GCETRF_CC_13Sep2021_08220080_frame1,08220080_frame_101.png,8/23/2021 8:58,08220080_frame_102.png,8/23/2021 8:58,99750775,9858,26731,120984,10,2024-06-25 03:09:23 UTC,classification_count,2024-06-03 20:28:11 UTC,2024-06-03 20:28:11 UTC,https://panoptes-uploads.zooniverse.org/subject_location/edb3e7e3-638c-467e-ba67-a6c1aafa3da4.png,https://panoptes-uploads.zooniverse.org/subject_location/e6eb5b19-4d4e-482b-b41b-8b5f971ab11d.png,10,NOTHINGHERE,10,100
GCETRF_CC_13Sep2021_08240081_frame1,08240081_frame_101.png,8/25/2021 1:34,08240081_frame_102.png,8/25/2021 1:34,99750779,9858,26731,120984,10,2024-06-25 20:00:14 UTC,classification_count,2024-06-03 20:28:11 UTC,2024-06-03 20:28:11 UTC,https://panoptes-uploads.zooniverse.org/subject_location/499a96c6-a2ea-467d-9d6a-d5a86c84c9bf.png,https://panoptes-uploads.zooniverse.org/subject_location/4c32c941-6ceb-47fc-9199-d8b57ce1666a.png,10,HUMANORVEHICLE,7,70
GCETRF_CC_13Sep2021_08240084_frame1,08240084_frame_101.png,8/25/2021 7:26,08240084_frame_102.png,8/25/2021 7:26,99750781,9858,26731,120984,10,2024-06-26 07:51:58 UTC,classification_count,2024-06-03 20:28:12 UTC,2024-06-03 20:28:12 UTC,https://panoptes-uploads.zooniverse.org/subject_location/d66b6808-5493-42d9-b670-451163c567ff.png,https://panoptes-uploads.zooniverse.org/subject_location/a6ac1c76-bbd9-4b82-bbfc-f537033a4e11.png,10,NOTHINGHERE,3,30
GCETRF_CC_13Sep2021_08240085_frame1,08240085_frame_101.png,8/25/2021 7:27,08240085_frame_102.png,8/25/2021 7:27,99750791,9858,26731,120984,10,2024-06-26 07:47:33 UTC,classification_count,2024-06-03 20:28:13 UTC,2024-06-03 20:28:13 UTC,https://panoptes-uploads.zooniverse.org/subject_location/76fbf2cc-335b-4ffa-b927-755fa4f98b33.png,https://panoptes-uploads.zooniverse.org/subject_location/3451dd69-bf22-45a6-a2ae-eea67417d8a2.png,10,RINGTAIL,5,50
GCETRF_CC_13Sep2021_08240086_frame1,08240086_frame_101.png,8/25/2021 7:39,08240086_frame_102.png,8/25/2021 7:39,99750794,9858,26731,120984,10,2024-06-25 16:42:07 UTC,classification_count,2024-06-03 20:28:14 UTC,2024-06-03 20:28:14 UTC,https://panoptes-uploads.zooniverse.org/subject_location/c83ffcef-996b-4a53-8565-c986a123555e.png,https://panoptes-uploads.zooniverse.org/subject_location/825bd486-60ac-45ea-8d2d-d4ae8a13c8ae.png,10,RINGTAIL,9,90
GCETRF_CC_13Sep2021_08270088_frame1,08270088_frame_101.png,8/28/2021 5:13,08270088_frame_102.png,8/28/2021 5:13,99750797,9858,26731,120984,10,2024-06-24 20:17:05 UTC,classification_count,2024-06-03 20:28:15 UTC,2024-06-03 20:28:15 UTC,https://panoptes-uploads.zooniverse.org/subject_location/47beb848-2189-41ba-8a70-14c8fc96645d.png,https://panoptes-uploads.zooniverse.org/subject_location/37c41b40-e3fe-407a-be20-9420eedf98e5.png,10,RINGTAIL,9,90
GCETRF_CC_13Sep2021_08270089_frame1,08270089_frame_101.png,8/28/2021 5:14,08270089_frame_102.png,8/28/2021 5:14,99750808,9858,26731,120984,11,2024-06-26 11:54:37 UTC,classification_count,2024-06-03 20:28:17 UTC,2024-06-03 20:28:17 UTC,https://panoptes-uploads.zooniverse.org/subject_location/e0347b32-348d-4110-ae2c-f9eadcc64865.png,https://panoptes-uploads.zooniverse.org/subject_location/2bde5bba-3fa9-4b70-9175-2bb2748a2e9c.png,11,PARTIALANIMAL,6,54.55
GCETRF_CC_13Sep2021_08280090_frame1,08280090_frame_101.png,8/29/2021 6:54,08280090_frame_102.png,8/29/2021 6:54,99750812,9858,26731,120984,10,2024-06-23 19:07:08 UTC,classification_count,2024-06-03 20:28:17 UTC,2024-06-03 20:28:17 UTC,https://panoptes-uploads.zooniverse.org/subject_location/8dada3c9-c6da-43cd-bc68-239d54aff9ae.png,https://panoptes-uploads.zooniverse.org/subject_location/8e5804a1-ecb4-4083-be95-87cd47f6ee2a.png,10,RINGTAIL,6,60
GCETRF_CC_13Sep2021_08280091_frame1,08280091_frame_101.png,8/29/2021 6:55,08280091_frame_102.png,8/29/2021 6:55,99750815,9858,26731,120984,10,2024-06-26 07:32:15 UTC,classification_count,2024-06-03 20:28:18 UTC,2024-06-03 20:28:18 UTC,https://panoptes-uploads.zooniverse.org/subject_location/4284c3d4-bbf4-4570-90ba-a5b5badd107c.png,https://panoptes-uploads.zooniverse.org/subject_location/8623e93b-1760-4c3a-a47a-ab0a06ebcd47.png,10,RINGTAIL,10,100
GCETRF_CC_13Sep2021_08290092_frame1,08290092_frame_101.png,8/29/2021 14:54,08290092_frame_102.png,8/29/2021 14:54,99750827,9858,26731,120984,10,2024-06-23 22:43:25 UTC,classification_count,2024-06-03 20:28:20 UTC,2024-06-03 20:28:20 UTC,https://panoptes-uploads.zooniverse.org/subject_location/a0af699c-9fec-4c5f-a772-a632e030d923.png,https://panoptes-uploads.zooniverse.org/subject_location/1a23b9b0-3f7d-40eb-8bbd-ccd1529510dd.png,10,RINGTAIL,6,60
GCETRF_CC_13Sep2021_08300096_frame1,08300096_frame_101.png,8/31/2021 7:05,08300096_frame_102.png,8/31/2021 7:05,99750830,9858,26731,120984,10,2024-06-24 23:23:09 UTC,classification_count,2024-06-03 20:28:20 UTC,2024-06-03 20:28:20 UTC,https://panoptes-uploads.zooniverse.org/subject_location/1460a4b1-3dfd-49bd-aa39-ed9ea78669ec.png,https://panoptes-uploads.zooniverse.org/subject_location/3b8c3e86-5c3e-4458-88c0-d6ec449be99a.png,10,RINGTAIL,8,80
GCETRF_CC_13Sep2021_09030103_frame1,09030103_frame_101.png,9/4/2021 3:27,09030103_frame_102.png,9/4/2021 3:27,99750831,9858,26731,120984,10,2024-06-26 11:48:53 UTC,classification_count,2024-06-03 20:28:20 UTC,2024-06-03 20:28:20 UTC,https://panoptes-uploads.zooniverse.org/subject_location/d1244752-41b0-44ca-be45-2e6dd6fc5730.png,https://panoptes-uploads.zooniverse.org/subject_location/5f841144-a650-4e2a-949f-13cd0862fd3e.png,10,RINGTAIL,10,100
GCETRF_CC_13Sep2021_09040104_frame1,09040104_frame_101.png,9/5/2021 9:22,09040104_frame_102.png,9/5/2021 9:22,99750833,9858,26731,120984,10,2024-06-25 06:34:15 UTC,classification_count,2024-06-03 20:28:21 UTC,2024-06-03 20:28:21 UTC,https://panoptes-uploads.zooniverse.org/subject_location/418fb0c4-8ee1-4ae7-9b62-84a0294f1b02.png,https://panoptes-uploads.zooniverse.org/subject_location/15299128-c9f3-444e-be4b-5470f08aac0f.png,10,RINGTAIL,7,70
GCETRF_CC_13Sep2021_09070105_frame1,09070105_frame_101.png,9/8/2021 8:22,09070105_frame_102.png,9/8/2021 8:22,99750839,9858,26731,120984,10,2024-06-24 21:13:32 UTC,classification_count,2024-06-03 20:28:22 UTC,2024-06-03 20:28:22 UTC,https://panoptes-uploads.zooniverse.org/subject_location/ca1b3fa9-9173-4e4f-aac3-abfc8d8f6207.png,https://panoptes-uploads.zooniverse.org/subject_location/b9a58a0d-5188-410b-a4bc-09ef640548bb.png,10,RINGTAIL,7,70
GCETRF_CC_13Sep2021_06030005_frame_2,06030005_frame_201.png,6/4/2021 0:59,06030005_frame_202.png,6/4/2021 0:59,99750853,9858,26731,120984,10,2024-06-26 12:08:46 UTC,classification_count,2024-06-03 20:28:27 UTC,2024-06-03 20:28:27 UTC,https://panoptes-uploads.zooniverse.org/subject_location/cf55b78c-3c85-4769-8a33-b4f199890aed.png,https://panoptes-uploads.zooniverse.org/subject_location/c820ab2b-89d5-40bd-9565-21e33278616c.png,10,PARTIALANIMAL,5,50
GCETRF_CC_13Sep2021_06040006_frame_2,06040006_frame_201.png,6/4/2021 12:31,06040006_frame_202.png,6/4/2021 12:31,99750857,9858,26731,120984,10,2024-06-26 12:03:59 UTC,classification_count,2024-06-03 20:28:27 UTC,2024-06-03 20:28:27 UTC,https://panoptes-uploads.zooniverse.org/subject_location/87d14829-87b0-4ef7-9e54-d16525387ce2.png,https://panoptes-uploads.zooniverse.org/subject_location/57b7b691-3c0a-4d90-ac9c-0ef88fda8512.png,10,RINGTAIL,5,50
GCETRF_CC_13Sep2021_06070008_frame_2,06070008_frame_201.png,6/7/2021 22:41,06070008_frame_202.png,6/7/2021 22:41,99750856,9858,26731,120984,10,2024-06-24 21:35:21 UTC,classification_count,2024-06-03 20:28:27 UTC,2024-06-03 20:28:27 UTC,https://panoptes-uploads.zooniverse.org/subject_location/30d94b04-de7b-4042-a570-f4541f7f6440.png,https://panoptes-uploads.zooniverse.org/subject_location/decbb2b1-2d82-4ee4-8502-06414925d1b2.png,10,HUMANORVEHICLE,5,50
GCETRF_CC_13Sep2021_06100012_frame_2,06100012_frame_201.png,6/10/2021 18:31,06100012_frame_202.png,6/10/2021 18:31,99750858,9858,26731,120984,10,2024-06-26 12:29:24 UTC,classification_count,2024-06-03 20:28:27 UTC,2024-06-03 20:28:27 UTC,https://panoptes-uploads.zooniverse.org/subject_location/650b0a73-079f-4225-b9a9-834dcd005228.png,https://panoptes-uploads.zooniverse.org/subject_location/20d92a32-d2fd-4c03-8d10-e8d0ef2cc60c.png,10,NOTHINGHERE,9,90
GCETRF_CC_13Sep2021_06100014_frame_2,06100014_frame_201.png,6/11/2021 2:06,06100014_frame_202.png,6/11/2021 2:06,99750863,9858,26731,120984,10,2024-06-25 19:51:36 UTC,classification_count,2024-06-03 20:28:28 UTC,2024-06-03 20:28:28 UTC,https://panoptes-uploads.zooniverse.org/subject_location/55b84943-63c0-4b26-9ff2-804855f78df1.png,https://panoptes-uploads.zooniverse.org/subject_location/a2a3be07-ee79-4afb-af39-e346f1b13e8b.png,10,NOTHINGHERE,7,70
GCETRF_CC_13Sep2021_06110015_frame_2,06110015_frame_201.png,6/11/2021 18:52,06110015_frame_202.png,6/11/2021 18:52,99750876,9858,26731,120984,10,2024-06-25 22:48:52 UTC,classification_count,2024-06-03 20:28:32 UTC,2024-06-03 20:28:32 UTC,https://panoptes-uploads.zooniverse.org/subject_location/301a5c1d-b766-495e-8591-8e6a81876af2.png,https://panoptes-uploads.zooniverse.org/subject_location/42361c38-8d51-4fdd-a436-b32b7c26783c.png,10,PARTIALANIMAL,8,80
GCETRF_CC_13Sep2021_06110018_frame_2,06110018_frame_201.png,6/12/2021 8:02,06110018_frame_202.png,6/12/2021 8:02,99750878,9858,26731,120984,10,2024-06-22 23:16:27 UTC,classification_count,2024-06-03 20:28:32 UTC,2024-06-03 20:28:32 UTC,https://panoptes-uploads.zooniverse.org/subject_location/3abbcb4b-321c-4935-a018-548823d74d6a.png,https://panoptes-uploads.zooniverse.org/subject_location/acc20179-8430-4445-a902-27d5a68e1db5.png,10,NOTHINGHERE,4,40
GCETRF_CC_13Sep2021_06130019_frame_2,06130019_frame_201.png,6/14/2021 3:22,06130019_frame_202.png,6/14/2021 3:22,99750879,9858,26731,120984,10,2024-06-26 02:12:46 UTC,classification_count,2024-06-03 20:28:33 UTC,2024-06-03 20:28:33 UTC,https://panoptes-uploads.zooniverse.org/subject_location/500a4250-4ee6-4b5a-bb80-67d555539c91.png,https://panoptes-uploads.zooniverse.org/subject_location/50995c95-e75b-46d4-94fc-bbb4fdca5a8d.png,10,PARTIALANIMAL,4,40
GCETRF_CC_13Sep2021_06130020_frame_2,06130020_frame_201.png,6/14/2021 3:23,06130020_frame_202.png,6/14/2021 3:23,99750880,9858,26731,120984,10,2024-06-25 19:00:30 UTC,classification_count,2024-06-03 20:28:33 UTC,2024-06-03 20:28:33 UTC,https://panoptes-uploads.zooniverse.org/subject_location/ca34a4f0-be82-440c-aedd-34357d1d1358.png,https://panoptes-uploads.zooniverse.org/subject_location/00d6d5e2-e27d-4be1-ace6-a4015ca5d9c1.png,10,PARTIALANIMAL,5,50
GCETRF_CC_13Sep2021_06130024_frame_2,06130024_frame_201.png,6/14/2021 8:09,06130024_frame_202.png,6/14/2021 8:09,99750888,9858,26731,120984,10,2024-06-25 03:01:27 UTC,classification_count,2024-06-03 20:28:34 UTC,2024-06-03 20:28:34 UTC,https://panoptes-uploads.zooniverse.org/subject_location/2d76a4a2-b66a-456c-b0e6-7d920acdf87f.png,https://panoptes-uploads.zooniverse.org/subject_location/fc086713-f15c-4fee-917d-5f42432edfd9.png,10,PARTIALANIMAL,7,70
GCETRF_CC_13Sep2021_06140026_frame_2,06140026_frame_201.png,6/14/2021 19:48,06140026_frame_202.png,6/14/2021 19:48,99750892,9858,26731,120984,10,2024-06-25 20:08:28 UTC,classification_count,2024-06-03 20:28:35 UTC,2024-06-03 20:28:35 UTC,https://panoptes-uploads.zooniverse.org/subject_location/249830f9-ca0b-4764-b51e-c3b71f3e6172.png,https://panoptes-uploads.zooniverse.org/subject_location/a6e0f37b-8e88-4db7-aff1-a4af6010f1c9.png,10,NOTHINGHERE,6,60
GCETRF_CC_13Sep2021_06140028_frame_2,06140028_frame_201.png,6/14/2021 23:34,06140028_frame_202.png,6/14/2021 23:34,99750899,9858,26731,120984,10,2024-06-25 19:39:59 UTC,classification_count,2024-06-03 20:28:37 UTC,2024-06-03 20:28:37 UTC,https://panoptes-uploads.zooniverse.org/subject_location/30f81f07-f554-4fda-9954-f09da92bddbf.png,https://panoptes-uploads.zooniverse.org/subject_location/3221f2b2-1ec5-40ab-ac77-dfad4a77eb10.png,10,PARTIALANIMAL,6,60
GCETRF_CC_13Sep2021_06140032_frame_2,06140032_frame_201.png,6/15/2021 1:12,06140032_frame_202.png,6/15/2021 1:12,99750903,9858,26731,120984,10,2024-06-24 15:36:48 UTC,classification_count,2024-06-03 20:28:38 UTC,2024-06-03 20:28:38 UTC,https://panoptes-uploads.zooniverse.org/subject_location/dfc29bf6-6a17-426c-9c67-2d84f83e0680.png,https://panoptes-uploads.zooniverse.org/subject_location/9865bfd8-645b-41fb-8b59-4638092bfc43.png,10,HUMANORVEHICLE,5,50
GCETRF_CC_13Sep2021_06140034_frame_2,06140034_frame_201.png,6/15/2021 6:50,06140034_frame_202.png,6/15/2021 6:50,99750911,9858,26731,120984,10,2024-06-26 12:02:07 UTC,classification_count,2024-06-03 20:28:40 UTC,2024-06-03 20:28:40 UTC,https://panoptes-uploads.zooniverse.org/subject_location/b174280e-34be-442e-be59-fedcaaf83aee.png,https://panoptes-uploads.zooniverse.org/subject_location/9dc9f208-cb3b-4388-a6fa-dfb5222d0d04.png,10,NOTHINGHERE,8,80
GCETRF_CC_13Sep2021_06160035_frame_2,06160035_frame_201.png,6/16/2021 17:33,06160035_frame_202.png,6/16/2021 17:33,99750914,9858,26731,120984,10,2024-06-25 20:01:15 UTC,classification_count,2024-06-03 20:28:40 UTC,2024-06-03 20:28:40 UTC,https://panoptes-uploads.zooniverse.org/subject_location/686d2201-3565-4f39-9f2a-06416f5d9257.png,https://panoptes-uploads.zooniverse.org/subject_location/61910bfb-2a1e-4cdc-ba58-e885d8c13617.png,10,NOTHINGHERE,10,100
GCETRF_CC_13Sep2021_06160036_frame_2,06160036_frame_201.png,6/17/2021 6:16,06160036_frame_202.png,6/17/2021 6:16,99750913,9858,26731,120984,10,2024-06-25 12:22:39 UTC,classification_count,2024-06-03 20:28:40 UTC,2024-06-03 20:28:40 UTC,https://panoptes-uploads.zooniverse.org/subject_location/21001afd-36b9-4f23-bd7d-5b32cdee0403.png,https://panoptes-uploads.zooniverse.org/subject_location/1ee43f81-14cd-4e0d-a34a-17ff8e7fa51f.png,10,NOTHINGHERE,10,100
GCETRF_CC_13Sep2021_06170037_frame_2,06170037_frame_201.png,6/17/2021 10:12,06170037_frame_202.png,6/17/2021 10:12,99750927,9858,26731,120984,10,2024-06-25 21:08:52 UTC,classification_count,2024-06-03 20:28:43 UTC,2024-06-03 20:28:43 UTC,https://panoptes-uploads.zooniverse.org/subject_location/a2ee904f-f792-423b-af07-afa0409485ed.png,https://panoptes-uploads.zooniverse.org/subject_location/47d22094-8ada-4f4c-aa20-f823bd30ed2c.png,10,NOTHINGHERE,10,100
GCETRF_CC_13Sep2021_06170038_frame_2,06170038_frame_201.png,6/17/2021 10:17,06170038_frame_202.png,6/17/2021 10:17,99750929,9858,26731,120984,10,2024-06-26 04:25:53 UTC,classification_count,2024-06-03 20:28:44 UTC,2024-06-03 20:28:44 UTC,https://panoptes-uploads.zooniverse.org/subject_location/338fb043-aecf-4295-aa2e-73dfbdbc63ca.png,https://panoptes-uploads.zooniverse.org/subject_location/21499f0e-fc71-42d8-b0b0-ae21af006e75.png,10,NOTHINGHERE,10,100
GCETRF_CC_13Sep2021_06170039_frame_2,06170039_frame_201.png,6/17/2021 10:18,06170039_frame_202.png,6/17/2021 10:18,99750932,9858,26731,120984,10,2024-06-26 04:12:46 UTC,classification_count,2024-06-03 20:28:44 UTC,2024-06-03 20:28:44 UTC,https://panoptes-uploads.zooniverse.org/subject_location/bffa8215-5425-4203-a42e-b56443251c6b.png,https://panoptes-uploads.zooniverse.org/subject_location/f40aca50-e2c2-4195-85bb-38c29a93f219.png,10,NOTHINGHERE,10,100
GCETRF_CC_13Sep2021_06170040_frame_2,06170040_frame_201.png,6/17/2021 10:19,06170040_frame_202.png,6/17/2021 10:19,99750935,9858,26731,120984,10,2024-06-26 07:26:28 UTC,classification_count,2024-06-03 20:28:45 UTC,2024-06-03 20:28:45 UTC,https://panoptes-uploads.zooniverse.org/subject_location/f281fcf5-a3f7-45f6-9481-89ec1b6b4159.png,https://panoptes-uploads.zooniverse.org/subject_location/b5493aa9-f3de-4797-a178-2631e81e0ae9.png,10,NOTHINGHERE,10,100
GCETRF_CC_13Sep2021_06170041_frame_2,06170041_frame_201.png,6/17/2021 10:22,06170041_frame_202.png,6/17/2021 10:22,99750938,9858,26731,120984,10,2024-06-24 21:31:41 UTC,classification_count,2024-06-03 20:28:45 UTC,2024-06-03 20:28:45 UTC,https://panoptes-uploads.zooniverse.org/subject_location/1185baae-6210-4081-a8ba-d367a358003a.png,https://panoptes-uploads.zooniverse.org/subject_location/d1faff1a-1f38-424a-a4ff-4f9a16f7c45e.png,10,NOTHINGHERE,10,100
GCETRF_CC_13Sep2021_06170042_frame_2,06170042_frame_201.png,6/17/2021 10:25,06170042_frame_202.png,6/17/2021 10:25,99750949,9858,26731,120984,10,2024-06-24 16:36:44 UTC,classification_count,2024-06-03 20:28:48 UTC,2024-06-03 20:28:48 UTC,https://panoptes-uploads.zooniverse.org/subject_location/2e6a2814-6f7d-480c-98d8-01bca4c95461.png,https://panoptes-uploads.zooniverse.org/subject_location/b7b76b2f-67e3-4fa7-a53c-586eca424469.png,10,NOTHINGHERE,9,90
GCETRF_CC_13Sep2021_06170043_frame_2,06170043_frame_201.png,6/17/2021 11:52,06170043_frame_202.png,6/17/2021 11:52,99750951,9858,26731,120984,10,2024-06-25 21:07:22 UTC,classification_count,2024-06-03 20:28:49 UTC,2024-06-03 20:28:49 UTC,https://panoptes-uploads.zooniverse.org/subject_location/17a15813-4fd1-4f5a-bf20-c7352b27fe1a.png,https://panoptes-uploads.zooniverse.org/subject_location/38e0fc63-6def-40fe-ac65-ea86f2ac0dd4.png,10,NOTHINGHERE,10,100
GCETRF_CC_13Sep2021_06170044_frame_2,06170044_frame_201.png,6/17/2021 12:38,06170044_frame_202.png,6/17/2021 12:38,99750958,9858,26731,120984,10,2024-06-24 21:04:05 UTC,classification_count,2024-06-03 20:28:50 UTC,2024-06-03 20:28:50 UTC,https://panoptes-uploads.zooniverse.org/subject_location/06589ef9-3b03-49b6-a915-ff3db4c14a16.png,https://panoptes-uploads.zooniverse.org/subject_location/2485ed1a-394d-4846-b43a-42088a8f196b.png,10,NOTHINGHERE,10,100
GCETRF_CC_13Sep2021_06170045_frame_2,06170045_frame_201.png,6/17/2021 12:40,06170045_frame_202.png,6/17/2021 12:40,99750962,9858,26731,120984,10,2024-06-25 16:49:41 UTC,classification_count,2024-06-03 20:28:51 UTC,2024-06-03 20:28:51 UTC,https://panoptes-uploads.zooniverse.org/subject_location/5984cc92-35f0-4d47-b319-119f33d7d754.png,https://panoptes-uploads.zooniverse.org/subject_location/a98cf831-c8bd-49a7-b49f-1c867605dd18.png,10,NOTHINGHERE,9,90
GCETRF_CC_13Sep2021_06170046_frame_2,06170046_frame_201.png,6/17/2021 12:41,06170046_frame_202.png,6/17/2021 12:41,99750965,9858,26731,120984,10,2024-06-26 08:12:25 UTC,classification_count,2024-06-03 20:28:52 UTC,2024-06-03 20:28:52 UTC,https://panoptes-uploads.zooniverse.org/subject_location/b1df55f0-94ec-49d9-a183-243c2c317128.png,https://panoptes-uploads.zooniverse.org/subject_location/afce3a9b-1886-4824-addc-ce5b8c1a4d7e.png,10,NOTHINGHERE,10,100
GCETRF_CC_13Sep2021_06170047_frame_2,06170047_frame_201.png,6/17/2021 12:43,06170047_frame_202.png,6/17/2021 12:43,99750967,9858,26731,120984,10,2024-06-26 03:46:44 UTC,classification_count,2024-06-03 20:28:52 UTC,2024-06-03 20:28:52 UTC,https://panoptes-uploads.zooniverse.org/subject_location/79f8be2e-bb91-4d77-abe5-74a4bef00239.png,https://panoptes-uploads.zooniverse.org/subject_location/9a069dae-167d-4b0f-b358-387e02ca03d4.png,10,NOTHINGHERE,8,80
GCETRF_CC_13Sep2021_06170048_frame_2,06170048_frame_201.png,6/17/2021 18:52,06170048_frame_202.png,6/17/2021 18:52,99750969,9858,26731,120984,10,2024-06-24 00:24:41 UTC,classification_count,2024-06-03 20:28:52 UTC,2024-06-03 20:28:52 UTC,https://panoptes-uploads.zooniverse.org/subject_location/8c9d84e6-6907-44a3-9014-842921454537.png,https://panoptes-uploads.zooniverse.org/subject_location/3177d5cd-2984-45d8-b104-8c4e0773d4c2.png,10,NOTHINGHERE,10,100
GCETRF_CC_13Sep2021_06170049_frame_2,06170049_frame_201.png,6/17/2021 19:11,06170049_frame_202.png,6/17/2021 19:11,99750978,9858,26731,120984,10,2024-06-26 07:38:03 UTC,classification_count,2024-06-03 20:28:55 UTC,2024-06-03 20:28:55 UTC,https://panoptes-uploads.zooniverse.org/subject_location/c1d29fba-66f7-4ad5-8a5c-1378d4bdc7a9.png,https://panoptes-uploads.zooniverse.org/subject_location/2481766f-3205-4bf7-b57d-da6301c6e405.png,10,NOTHINGHERE,10,100
GCETRF_CC_13Sep2021_06170050_frame_2,06170050_frame_201.png,6/17/2021 19:12,06170050_frame_202.png,6/17/2021 19:12,99750988,9858,26731,120984,10,2024-06-25 18:05:03 UTC,classification_count,2024-06-03 20:28:58 UTC,2024-06-03 20:28:58 UTC,https://panoptes-uploads.zooniverse.org/subject_location/7b03b2ca-47b9-4016-a418-698552eb9c9e.png,https://panoptes-uploads.zooniverse.org/subject_location/4fe3ecb9-c1d9-4ce5-9336-a9170fc11e89.png,10,NOTHINGHERE,9,90
GCETRF_CC_13Sep2021_06220055_frame_2,06220055_frame_201.png,6/23/2021 7:55,06220055_frame_202.png,6/23/2021 7:55,99750989,9858,26731,120984,10,2024-06-25 16:51:09 UTC,classification_count,2024-06-03 20:28:58 UTC,2024-06-03 20:28:58 UTC,https://panoptes-uploads.zooniverse.org/subject_location/592aa608-2afa-46bf-a173-799b2b1a9b2d.png,https://panoptes-uploads.zooniverse.org/subject_location/4dbb56d2-2e00-49b7-aed0-eba190a23f23.png,10,NOTHINGHERE,5,50
GCETRF_CC_13Sep2021_07280066_frame_2,07280066_frame_201.png,7/29/2021 9:03,07280066_frame_202.png,7/29/2021 9:03,99750990,9858,26731,120984,10,2024-06-26 07:54:13 UTC,classification_count,2024-06-03 20:28:58 UTC,2024-06-03 20:28:58 UTC,https://panoptes-uploads.zooniverse.org/subject_location/374d0dd0-37b6-4063-af8e-ac1964a6ac44.png,https://panoptes-uploads.zooniverse.org/subject_location/9c5a2f9f-26e6-465f-a514-3043cff07f8d.png,10,NOTHINGHERE,10,100
GCETRF_CC_13Sep2021_08020070_frame_2,08020070_frame_201.png,8/3/2021 2:09,08020070_frame_202.png,8/3/2021 2:09,99750994,9858,26731,120984,10,2024-06-25 16:21:31 UTC,classification_count,2024-06-03 20:28:59 UTC,2024-06-03 20:28:59 UTC,https://panoptes-uploads.zooniverse.org/subject_location/3f12336d-5c8f-4ffd-ac6d-dfd0818a61c1.png,https://panoptes-uploads.zooniverse.org/subject_location/2bcdc416-9512-4534-8e1d-4ceb0e23517e.png,10,NOTHINGHERE,4,40
GCETRF_CC_13Sep2021_08020072_frame_2,08020072_frame_201.png,8/3/2021 2:11,08020072_frame_202.png,8/3/2021 2:11,99751004,9858,26731,120984,10,2024-06-26 03:57:09 UTC,classification_count,2024-06-03 20:29:02 UTC,2024-06-03 20:29:02 UTC,https://panoptes-uploads.zooniverse.org/subject_location/06e6c05b-64ab-49d6-b8c5-e01a35756a6c.png,https://panoptes-uploads.zooniverse.org/subject_location/73a04f81-5036-451e-80f8-3c50ad337013.png,10,HUMANORVEHICLE,4,40
GCETRF_CC_13Sep2021_08020073_frame_2,08020073_frame_201.png,8/3/2021 8:21,08020073_frame_202.png,8/3/2021 8:21,99751009,9858,26731,120984,10,2024-06-22 21:17:44 UTC,classification_count,2024-06-03 20:29:03 UTC,2024-06-03 20:29:03 UTC,https://panoptes-uploads.zooniverse.org/subject_location/5171532d-1b0a-418b-86a6-46ded55a7914.png,https://panoptes-uploads.zooniverse.org/subject_location/b7315d08-eda8-4f4a-b1ea-5415c233e122.png,10,RINGTAIL,5,50
GCETRF_CC_13Sep2021_08020074_frame_2,08020074_frame_201.png,8/3/2021 8:35,08020074_frame_202.png,8/3/2021 8:35,99751010,9858,26731,120984,10,2024-06-26 11:53:15 UTC,classification_count,2024-06-03 20:29:03 UTC,2024-06-03 20:29:03 UTC,https://panoptes-uploads.zooniverse.org/subject_location/62bd62db-e466-41a6-9c50-d6d6a28a45f8.png,https://panoptes-uploads.zooniverse.org/subject_location/bcc87460-5a35-412b-bb15-cd4cf8675be6.png,10,RINGTAIL,10,100
GCETRF_CC_13Sep2021_08040075_frame_2,08040075_frame_201.png,8/4/2021 20:33,08040075_frame_202.png,8/4/2021 20:33,99751012,9858,26731,120984,10,2024-06-26 04:27:59 UTC,classification_count,2024-06-03 20:29:04 UTC,2024-06-03 20:29:04 UTC,https://panoptes-uploads.zooniverse.org/subject_location/0694b316-e962-4e15-bf78-9410c6f998fd.png,https://panoptes-uploads.zooniverse.org/subject_location/67496a8f-3404-431c-b2fc-5d569ddb7c73.png,10,HUMANORVEHICLE,10,100
GCETRF_CC_13Sep2021_08040076_frame_2,08040076_frame_201.png,8/4/2021 20:36,08040076_frame_202.png,8/4/2021 20:36,99751013,9858,26731,120984,10,2024-06-25 22:13:45 UTC,classification_count,2024-06-03 20:29:04 UTC,2024-06-03 20:29:04 UTC,https://panoptes-uploads.zooniverse.org/subject_location/013285c9-a588-4a89-a5f7-61fd8bce6f5b.png,https://panoptes-uploads.zooniverse.org/subject_location/718b7727-cdcb-4377-86bb-cb63eb2f3564.png,10,NOTHINGHERE,10,100
GCETRF_CC_13Sep2021_08050078_frame_2,08050078_frame_201.png,8/6/2021 6:58,08050078_frame_202.png,8/6/2021 6:58,99751023,9858,26731,120984,10,2024-06-22 23:16:55 UTC,classification_count,2024-06-03 20:29:07 UTC,2024-06-03 20:29:07 UTC,https://panoptes-uploads.zooniverse.org/subject_location/1d6f5781-3aa9-41cb-b972-d90900457d49.png,https://panoptes-uploads.zooniverse.org/subject_location/c3024a71-2d55-4f56-9533-78ee91a37d1f.png,10,NOTHINGHERE,4,40
GCETRF_CC_13Sep2021_08240084_frame_2,08240084_frame_201.png,8/25/2021 7:26,08240084_frame_202.png,8/25/2021 7:26,99751030,9858,26731,120984,10,2024-06-24 16:25:01 UTC,classification_count,2024-06-03 20:29:09 UTC,2024-06-03 20:29:09 UTC,https://panoptes-uploads.zooniverse.org/subject_location/a7e1cff8-5326-476e-8202-8055de40f555.png,https://panoptes-uploads.zooniverse.org/subject_location/79c64f71-ccf1-4b1a-b967-e3a6a8c21fd5.png,10,NOTHINGHERE,4,40
GCETRF_CC_13Sep2021_08240085_frame_2,08240085_frame_201.png,8/25/2021 7:28,08240085_frame_202.png,8/25/2021 7:28,99751032,9858,26731,120984,10,2024-06-25 16:12:58 UTC,classification_count,2024-06-03 20:29:10 UTC,2024-06-03 20:29:10 UTC,https://panoptes-uploads.zooniverse.org/subject_location/d094cae8-79bd-4637-a52d-a6f581034170.png,https://panoptes-uploads.zooniverse.org/subject_location/b574baff-7d74-4ccf-83c4-6eea86ea593d.png,10,RINGTAIL,4,40
GCETRF_CC_13Sep2021_08270088_frame_2,08270088_frame_201.png,8/28/2021 5:13,08270088_frame_202.png,8/28/2021 5:13,99751033,9858,26731,120984,10,2024-06-25 22:46:30 UTC,classification_count,2024-06-03 20:29:10 UTC,2024-06-03 20:29:10 UTC,https://panoptes-uploads.zooniverse.org/subject_location/07ccfaca-8f5d-4f85-bed9-b7dcfe877946.png,https://panoptes-uploads.zooniverse.org/subject_location/0c17cb8b-8204-4124-90ea-298268c490c1.png,10,RINGTAIL,5,50
GCETRF_CC_13Sep2021_08270089_frame_2,08270089_frame_201.png,8/28/2021 5:15,08270089_frame_202.png,8/28/2021 5:15,99751034,9858,26731,120984,10,2024-06-26 07:16:36 UTC,classification_count,2024-06-03 20:29:10 UTC,2024-06-03 20:29:10 UTC,https://panoptes-uploads.zooniverse.org/subject_location/4bfd42aa-80ab-40c5-be9c-80aabbd20afa.png,https://panoptes-uploads.zooniverse.org/subject_location/0d64f570-bfee-438f-b26b-d9c6859056ee.png,10,RINGTAIL,5,50
GCETRF_CC_13Sep2021_08280090_frame_2,08280090_frame_201.png,8/29/2021 6:54,08280090_frame_202.png,8/29/2021 6:54,99751038,9858,26731,120984,10,2024-06-26 07:13:05 UTC,classification_count,2024-06-03 20:29:11 UTC,2024-06-03 20:29:11 UTC,https://panoptes-uploads.zooniverse.org/subject_location/f4918afd-9567-4ef4-851a-cb1cb35aea49.png,https://panoptes-uploads.zooniverse.org/subject_location/9aa03df4-4df6-4903-bf5d-6943f0e4e7fe.png,10,RINGTAIL,5,50
GCETRF_CC_13Sep2021_09030103_frame_2,09030103_frame_201.png,9/4/2021 3:27,09030103_frame_202.png,9/4/2021 3:27,99751047,9858,26731,120984,10,2024-06-25 01:58:54 UTC,classification_count,2024-06-03 20:29:14 UTC,2024-06-03 20:29:14 UTC,https://panoptes-uploads.zooniverse.org/subject_location/6e1bdf40-56cc-4fa2-bbb9-c348908cd566.png,https://panoptes-uploads.zooniverse.org/subject_location/ed75ce0e-8dd9-488e-b82e-9db8ac24ffd5.png,10,RINGTAIL,6,60
GCETRF_CC_13Sep2021_09070105_frame_2,09070105_frame_201.png,9/8/2021 8:22,09070105_frame_202.png,9/8/2021 8:22,99751049,9858,26731,120984,10,2024-06-26 04:15:29 UTC,classification_count,2024-06-03 20:29:15 UTC,2024-06-03 20:29:15 UTC,https://panoptes-uploads.zooniverse.org/subject_location/806b84a4-966c-43df-86d0-717de6a7c9b9.png,https://panoptes-uploads.zooniverse.org/subject_location/e11c11f3-f73f-4290-a21d-8cb4ce571841.png,10,PARTIALANIMAL,5,50
GCETRF_CC_13Sep2021_06070008_frame_3,06070008_frame_301.png,6/7/2021 22:42,06070008_frame_302.png,6/7/2021 22:42,99751051,9858,26731,120984,10,2024-06-26 07:51:49 UTC,classification_count,2024-06-03 20:29:15 UTC,2024-06-03 20:29:15 UTC,https://panoptes-uploads.zooniverse.org/subject_location/9959cda2-6e23-4cbb-b4f7-55379614044b.png,https://panoptes-uploads.zooniverse.org/subject_location/969aad27-88cf-4240-9d17-d8211227652a.png,10,PARTIALANIMAL,6,60
GCETRF_CC_13Sep2021_06100012_frame_3,06100012_frame_301.png,6/10/2021 18:31,06100012_frame_302.png,6/10/2021 18:31,99751056,9858,26731,120984,10,2024-06-26 04:39:07 UTC,classification_count,2024-06-03 20:29:17 UTC,2024-06-03 20:29:17 UTC,https://panoptes-uploads.zooniverse.org/subject_location/6d628a9b-033e-4be0-bb40-670a8e628bd2.png,https://panoptes-uploads.zooniverse.org/subject_location/2f528ce8-81d0-4542-b954-6b10c815bfc0.png,10,NOTHINGHERE,7,70
GCETRF_CC_13Sep2021_06100014_frame_3,06100014_frame_301.png,6/11/2021 2:07,06100014_frame_302.png,6/11/2021 2:07,99751058,9858,26731,120984,10,2024-06-25 21:05:29 UTC,classification_count,2024-06-03 20:29:17 UTC,2024-06-03 20:29:17 UTC,https://panoptes-uploads.zooniverse.org/subject_location/c4819209-2ad5-47ac-a752-af0f66e44e15.png,https://panoptes-uploads.zooniverse.org/subject_location/02bb7f09-04f6-4a27-b489-4a21f9cb0fc4.png,10,PARTIALANIMAL,6,60
GCETRF_CC_13Sep2021_06130020_frame_3,06130020_frame_301.png,6/14/2021 3:23,06130020_frame_302.png,6/14/2021 3:23,99751064,9858,26731,120984,10,2024-06-25 03:42:41 UTC,classification_count,2024-06-03 20:29:19 UTC,2024-06-03 20:29:19 UTC,https://panoptes-uploads.zooniverse.org/subject_location/99b1e93a-04ce-4507-b2fc-feb44be657e2.png,https://panoptes-uploads.zooniverse.org/subject_location/4cfd9b37-571f-4a85-bed8-f29f3b5b0cd9.png,10,NOTHINGHERE,5,50
GCETRF_CC_13Sep2021_06130022_frame_3,06130022_frame_301.png,6/14/2021 5:39,06130022_frame_302.png,6/14/2021 5:39,99751067,9858,26731,120984,10,2024-06-26 00:40:21 UTC,classification_count,2024-06-03 20:29:20 UTC,2024-06-03 20:29:20 UTC,https://panoptes-uploads.zooniverse.org/subject_location/49201488-5f9e-4978-9e45-9f5628ba17ee.png,https://panoptes-uploads.zooniverse.org/subject_location/01c79c5c-d36d-4ff3-8495-d4f436ace064.png,10,NOTHINGHERE,4,40
GCETRF_CC_13Sep2021_06140028_frame_3,06140028_frame_301.png,6/14/2021 23:34,06140028_frame_302.png,6/14/2021 23:34,99751069,9858,26731,120984,10,2024-06-24 20:13:00 UTC,classification_count,2024-06-03 20:29:20 UTC,2024-06-03 20:29:20 UTC,https://panoptes-uploads.zooniverse.org/subject_location/08305455-52eb-48f0-8d2f-a3648d641873.png,https://panoptes-uploads.zooniverse.org/subject_location/ce2a5538-5b4c-4d22-8c76-c4fa9a42daeb.png,10,PARTIALANIMAL,5,50
GCETRF_CC_13Sep2021_06140032_frame_3,06140032_frame_301.png,6/15/2021 1:13,06140032_frame_302.png,6/15/2021 1:13,99751074,9858,26731,120984,10,2024-06-26 04:45:54 UTC,classification_count,2024-06-03 20:29:22 UTC,2024-06-03 20:29:22 UTC,https://panoptes-uploads.zooniverse.org/subject_location/de22b1a3-d2e7-4366-bb34-f1b2e8ec8b70.png,https://panoptes-uploads.zooniverse.org/subject_location/18c4ffa2-e650-478a-896d-70631dfa96af.png,10,NOTHINGHERE,10,100
GCETRF_CC_13Sep2021_06140034_frame_3,06140034_frame_301.png,6/15/2021 6:51,06140034_frame_302.png,6/15/2021 6:51,99751083,9858,26731,120984,10,2024-06-25 20:56:18 UTC,classification_count,2024-06-03 20:29:24 UTC,2024-06-03 20:29:24 UTC,https://panoptes-uploads.zooniverse.org/subject_location/137841b9-1832-43b5-b598-845353f71d6f.png,https://panoptes-uploads.zooniverse.org/subject_location/23c1556e-f9e3-4d2c-822f-05f672ed6b03.png,10,NOTHINGHERE,9,90
GCETRF_CC_13Sep2021_06160035_frame_3,06160035_frame_301.png,6/16/2021 17:33,06160035_frame_302.png,6/16/2021 17:33,99751084,9858,26731,120984,10,2024-06-26 03:43:14 UTC,classification_count,2024-06-03 20:29:25 UTC,2024-06-03 20:29:25 UTC,https://panoptes-uploads.zooniverse.org/subject_location/de305a4b-c7f8-478c-831f-f9e1dc7816e8.png,https://panoptes-uploads.zooniverse.org/subject_location/5283453e-40db-49b9-8941-c7308f8f28be.png,10,NOTHINGHERE,10,100
GCETRF_CC_13Sep2021_06160036_frame_3,06160036_frame_301.png,6/17/2021 6:16,06160036_frame_302.png,6/17/2021 6:16,99751089,9858,26731,120984,10,2024-06-25 20:18:22 UTC,classification_count,2024-06-03 20:29:26 UTC,2024-06-03 20:29:26 UTC,https://panoptes-uploads.zooniverse.org/subject_location/ec6418d6-a91d-4e09-9ce8-7b0297c6dbb5.png,https://panoptes-uploads.zooniverse.org/subject_location/d03e9d6d-cd76-4f49-886a-6d76ef547748.png,10,NOTHINGHERE,10,100
GCETRF_CC_13Sep2021_06170037_frame_3,06170037_frame_301.png,6/17/2021 10:13,06170037_frame_302.png,6/17/2021 10:13,99751091,9858,26731,120984,10,2024-06-22 17:49:47 UTC,classification_count,2024-06-03 20:29:26 UTC,2024-06-03 20:29:26 UTC,https://panoptes-uploads.zooniverse.org/subject_location/3eee4c55-834b-4f29-ba89-ff09ec806260.png,https://panoptes-uploads.zooniverse.org/subject_location/0386a4de-dfbe-4871-94e5-e684f51ca4f7.png,10,NOTHINGHERE,8,80
GCETRF_CC_13Sep2021_06170038_frame_3,06170038_frame_301.png,6/17/2021 10:17,06170038_frame_302.png,6/17/2021 10:17,99751096,9858,26731,120984,10,2024-06-26 07:57:20 UTC,classification_count,2024-06-03 20:29:27 UTC,2024-06-03 20:29:27 UTC,https://panoptes-uploads.zooniverse.org/subject_location/94bcbf80-31ff-4696-a6be-10dfd926c0b5.png,https://panoptes-uploads.zooniverse.org/subject_location/2be3f78e-b80b-4404-9bc6-bab26c4dec68.png,10,NOTHINGHERE,10,100
GCETRF_CC_13Sep2021_06170039_frame_3,06170039_frame_301.png,6/17/2021 10:18,06170039_frame_302.png,6/17/2021 10:18,99751101,9858,26731,120984,10,2024-06-24 19:12:34 UTC,classification_count,2024-06-03 20:29:30 UTC,2024-06-03 20:29:30 UTC,https://panoptes-uploads.zooniverse.org/subject_location/b98758a4-64a1-4190-a33d-34f2f987e88e.png,https://panoptes-uploads.zooniverse.org/subject_location/d84ff2ef-624c-40d8-9f40-6502549aa9b2.png,10,NOTHINGHERE,9,90
GCETRF_CC_13Sep2021_06170040_frame_3,06170040_frame_301.png,6/17/2021 10:20,06170040_frame_302.png,6/17/2021 10:20,99751105,9858,26731,120984,10,2024-06-25 20:25:22 UTC,classification_count,2024-06-03 20:29:31 UTC,2024-06-03 20:29:31 UTC,https://panoptes-uploads.zooniverse.org/subject_location/9f473133-33cf-4b31-9389-5cd6d17db208.png,https://panoptes-uploads.zooniverse.org/subject_location/3b541714-c619-4143-919b-f05944ec5a43.png,10,NOTHINGHERE,10,100
GCETRF_CC_13Sep2021_06170041_frame_3,06170041_frame_301.png,6/17/2021 10:22,06170041_frame_302.png,6/17/2021 10:22,99751110,9858,26731,120984,10,2024-06-25 20:40:28 UTC,classification_count,2024-06-03 20:29:32 UTC,2024-06-03 20:29:32 UTC,https://panoptes-uploads.zooniverse.org/subject_location/eae8fa26-e8f6-4acf-b972-960e29f0ce1d.png,https://panoptes-uploads.zooniverse.org/subject_location/4598302e-be44-4b47-b4c0-2d0eb1abe467.png,10,NOTHINGHERE,10,100
GCETRF_CC_13Sep2021_06170042_frame_3,06170042_frame_301.png,6/17/2021 10:25,06170042_frame_302.png,6/17/2021 10:25,99751112,9858,26731,120984,10,2024-06-26 05:05:11 UTC,classification_count,2024-06-03 20:29:32 UTC,2024-06-03 20:29:32 UTC,https://panoptes-uploads.zooniverse.org/subject_location/273329d9-cb07-41bb-9dd3-ed085e4e33dd.png,https://panoptes-uploads.zooniverse.org/subject_location/741523fc-1c49-4f54-8a1e-6686849bf3ae.png,10,NOTHINGHERE,10,100
GCETRF_CC_13Sep2021_06170043_frame_3,06170043_frame_301.png,6/17/2021 11:52,06170043_frame_302.png,6/17/2021 11:52,99751120,9858,26731,120984,10,2024-06-26 04:09:01 UTC,classification_count,2024-06-03 20:29:34 UTC,2024-06-03 20:29:34 UTC,https://panoptes-uploads.zooniverse.org/subject_location/0bac042e-6b68-48d1-9f61-72422fce0122.png,https://panoptes-uploads.zooniverse.org/subject_location/f723e6bb-f451-4ae7-badc-4a2f31e75963.png,10,NOTHINGHERE,10,100
GCETRF_CC_13Sep2021_06170044_frame_3,06170044_frame_301.png,6/17/2021 12:38,06170044_frame_302.png,6/17/2021 12:38,99751127,9858,26731,120984,10,2024-06-25 20:23:15 UTC,classification_count,2024-06-03 20:29:36 UTC,2024-06-03 20:29:36 UTC,https://panoptes-uploads.zooniverse.org/subject_location/3f6de7d8-e00f-48d1-87a5-54ad53f5ca2f.png,https://panoptes-uploads.zooniverse.org/subject_location/5feb75ad-fce6-4c7a-8198-ecb90d2e2ea1.png,10,NOTHINGHERE,10,100
GCETRF_CC_13Sep2021_06170045_frame_3,06170045_frame_301.png,6/17/2021 12:40,06170045_frame_302.png,6/17/2021 12:40,99751129,9858,26731,120984,10,2024-06-26 05:59:27 UTC,classification_count,2024-06-03 20:29:36 UTC,2024-06-03 20:29:36 UTC,https://panoptes-uploads.zooniverse.org/subject_location/b3a1e9e1-2630-4b4e-a4bc-1f38f99b1aae.png,https://panoptes-uploads.zooniverse.org/subject_location/13d27ae9-c822-4541-aff1-a3c3b09f1f1e.png,10,NOTHINGHERE,10,100
GCETRF_CC_13Sep2021_06170046_frame_3,06170046_frame_301.png,6/17/2021 12:42,06170046_frame_302.png,6/17/2021 12:42,99751133,9858,26731,120984,10,2024-06-25 22:05:48 UTC,classification_count,2024-06-03 20:29:37 UTC,2024-06-03 20:29:37 UTC,https://panoptes-uploads.zooniverse.org/subject_location/3e3c8fbd-eff8-47ef-80c4-e2f61d3b883a.png,https://panoptes-uploads.zooniverse.org/subject_location/60610cf3-b409-4e67-b150-fb1effc7a8c4.png,10,NOTHINGHERE,10,100
GCETRF_CC_13Sep2021_06170047_frame_3,06170047_frame_301.png,6/17/2021 12:44,06170047_frame_302.png,6/17/2021 12:44,99751143,9858,26731,120984,10,2024-06-26 02:58:22 UTC,classification_count,2024-06-03 20:29:39 UTC,2024-06-03 20:29:39 UTC,https://panoptes-uploads.zooniverse.org/subject_location/95bd9f1d-ea44-4771-8fd6-9db70b566337.png,https://panoptes-uploads.zooniverse.org/subject_location/a7e976d7-f684-40ba-a8bb-d602af220433.png,10,NOTHINGHERE,9,90
GCETRF_CC_13Sep2021_06170048_frame_3,06170048_frame_301.png,6/17/2021 18:52,06170048_frame_302.png,6/17/2021 18:52,99754318,9858,26731,120984,10,2024-06-26 04:13:45 UTC,classification_count,2024-06-03 21:09:45 UTC,2024-06-03 21:09:45 UTC,https://panoptes-uploads.zooniverse.org/subject_location/423bc1e5-bebf-46b6-90de-17e3a9c2280c.png,https://panoptes-uploads.zooniverse.org/subject_location/2974a37c-25b8-4a26-b980-4b1899df8bf0.png,10,NOTHINGHERE,10,100
GCETRF_CC_13Sep2021_06170049_frame_3,06170049_frame_301.png,6/17/2021 19:11,06170049_frame_302.png,6/17/2021 19:11,99751152,9858,26731,120984,10,2024-06-24 14:27:42 UTC,classification_count,2024-06-03 20:29:41 UTC,2024-06-03 20:29:41 UTC,https://panoptes-uploads.zooniverse.org/subject_location/b070f5ca-6f6a-405e-800c-92c9b440e62d.png,https://panoptes-uploads.zooniverse.org/subject_location/ed4a1165-a901-4376-8891-f19c5e9863f7.png,10,NOTHINGHERE,9,90
GCETRF_CC_13Sep2021_06170050_frame_3,06170050_frame_301.png,6/17/2021 19:13,06170050_frame_302.png,6/17/2021 19:13,99754319,9858,26731,120984,10,2024-06-26 07:41:36 UTC,classification_count,2024-06-03 21:09:56 UTC,2024-06-03 21:09:56 UTC,https://panoptes-uploads.zooniverse.org/subject_location/b6f69361-abd3-4c90-8f7a-0f6ac01ed8c8.png,https://panoptes-uploads.zooniverse.org/subject_location/1e92250a-b757-44c2-afeb-7a18b9a22ace.png,10,NOTHINGHERE,10,100
GCETRF_CC_13Sep2021_08020068_frame_3,08020068_frame_301.png,8/3/2021 2:08,08020068_frame_302.png,8/3/2021 2:08,99751161,9858,26731,120984,10,2024-06-25 19:54:11 UTC,classification_count,2024-06-03 20:29:43 UTC,2024-06-03 20:29:43 UTC,https://panoptes-uploads.zooniverse.org/subject_location/c550ffd8-94df-4901-b4bd-d13301744c67.png,https://panoptes-uploads.zooniverse.org/subject_location/26bd4789-6ae9-4f12-ab27-7d21f6d8e59d.png,10,HUMANORVEHICLE,10,100
GCETRF_CC_13Sep2021_08020074_frame_3,08020074_frame_301.png,8/3/2021 8:35,08020074_frame_302.png,8/3/2021 8:35,99754320,9858,26731,120984,10,2024-06-24 14:23:56 UTC,classification_count,2024-06-03 21:09:56 UTC,2024-06-03 21:09:56 UTC,https://panoptes-uploads.zooniverse.org/subject_location/20e69937-ae2e-485b-a984-97cb5d27684a.png,https://panoptes-uploads.zooniverse.org/subject_location/ff237fc4-f54a-4638-abc3-96e297a93051.png,10,RINGTAIL,6,60
GCETRF_CC_13Sep2021_08040075_frame_3,08040075_frame_301.png,8/4/2021 20:33,08040075_frame_302.png,8/4/2021 20:33,99754321,9858,26731,120984,10,2024-06-25 17:56:10 UTC,classification_count,2024-06-03 21:10:00 UTC,2024-06-03 21:10:00 UTC,https://panoptes-uploads.zooniverse.org/subject_location/65074142-3ef0-4c0a-9829-abae8d5ca091.png,https://panoptes-uploads.zooniverse.org/subject_location/5bb3eddf-161e-497f-8f88-d348c567e7ae.png,10,PARTIALANIMAL,4,40
GCETRF_CC_13Sep2021_08050078_frame_3,08050078_frame_301.png,8/6/2021 6:58,08050078_frame_302.png,8/6/2021 6:58,99754323,9858,26731,120984,10,2024-06-26 11:26:20 UTC,classification_count,2024-06-03 21:10:04 UTC,2024-06-03 21:10:04 UTC,https://panoptes-uploads.zooniverse.org/subject_location/45aaa689-61ac-43b1-a51c-ec3b2fd77686.png,https://panoptes-uploads.zooniverse.org/subject_location/7b689f05-2aa2-42ed-8849-45d5b8fc0f9e.png,10,NOTHINGHERE,4,40
GCETRF_CC_13Sep2021_08190079_frame_3,08190079_frame_301.png,8/19/2021 22:29,08190079_frame_302.png,8/19/2021 22:29,99754322,9858,26731,120984,10,2024-06-25 15:19:13 UTC,classification_count,2024-06-03 21:10:04 UTC,2024-06-03 21:10:04 UTC,https://panoptes-uploads.zooniverse.org/subject_location/d5299f85-9464-4c2e-a7bb-97d4ae502268.png,https://panoptes-uploads.zooniverse.org/subject_location/e23040f3-3e93-4158-9881-f6404f6a251f.png,10,NOTHINGHERE,10,100
GCETRF_CC_13Sep2021_08240081_frame_3,08240081_frame_301.png,8/25/2021 1:35,08240081_frame_302.png,8/25/2021 1:35,99754324,9858,26731,120984,10,2024-06-25 16:41:43 UTC,classification_count,2024-06-03 21:10:05 UTC,2024-06-03 21:10:05 UTC,https://panoptes-uploads.zooniverse.org/subject_location/d60d21fa-a105-4672-99c0-92eb254474b1.png,https://panoptes-uploads.zooniverse.org/subject_location/1fbffee9-02b4-4340-ae6d-26fbfec73c68.png,10,NOTHINGHERE,10,100
GCETRF_CC_13Sep2021_08240084_frame_3,08240084_frame_301.png,8/25/2021 7:27,08240084_frame_302.png,8/25/2021 7:27,99754325,9858,26731,120984,10,2024-06-25 15:06:17 UTC,classification_count,2024-06-03 21:10:05 UTC,2024-06-03 21:10:05 UTC,https://panoptes-uploads.zooniverse.org/subject_location/51eabdd7-9617-4dde-8060-2eb698e02587.png,https://panoptes-uploads.zooniverse.org/subject_location/b2cd7a28-7e52-4549-aa19-fab51ba72ad8.png,10,PARTIALANIMAL,7,70
GCETRF_CC_13Sep2021_08240086_frame_3,08240086_frame_301.png,8/25/2021 7:39,08240086_frame_302.png,8/25/2021 7:39,99754326,9858,26731,120984,10,2024-06-26 03:54:01 UTC,classification_count,2024-06-03 21:10:06 UTC,2024-06-03 21:10:06 UTC,https://panoptes-uploads.zooniverse.org/subject_location/2eea803f-69f1-4da7-98a1-11b553262f54.png,https://panoptes-uploads.zooniverse.org/subject_location/c8a13957-2f3b-41b2-970d-4671789af864.png,10,NOTHINGHERE,4,40
GCETRF_CC_13Sep2021_08270088_frame_3,08270088_frame_301.png,8/28/2021 5:14,08270088_frame_302.png,8/28/2021 5:14,99754327,9858,26731,120984,10,2024-06-26 07:46:12 UTC,classification_count,2024-06-03 21:10:06 UTC,2024-06-03 21:10:06 UTC,https://panoptes-uploads.zooniverse.org/subject_location/c2672adf-23a2-4e60-bb08-645d4e49512c.png,https://panoptes-uploads.zooniverse.org/subject_location/34c8f145-2e9e-49b0-9586-0d6f7d77600b.png,10,PARTIALANIMAL,9,90
GCETRF_CC_13Sep2021_08270089_frame_3,08270089_frame_301.png,8/28/2021 5:15,08270089_frame_302.png,8/28/2021 5:15,99754328,9858,26731,120984,10,2024-06-24 09:46:47 UTC,classification_count,2024-06-03 21:10:09 UTC,2024-06-03 21:10:09 UTC,https://panoptes-uploads.zooniverse.org/subject_location/5349ef58-91e8-436b-a339-82450ecfea7c.png,https://panoptes-uploads.zooniverse.org/subject_location/9dda988e-93fb-42ae-8d98-2b87f4d6c2c3.png,10,PARTIALANIMAL,4,40
GCETRF_CC_13Sep2021_08280090_frame_3,08280090_frame_301.png,8/29/2021 6:54,08280090_frame_302.png,8/29/2021 6:54,99754329,9858,26731,120984,10,2024-06-25 22:03:02 UTC,classification_count,2024-06-03 21:10:10 UTC,2024-06-03 21:10:10 UTC,https://panoptes-uploads.zooniverse.org/subject_location/ee380f0f-702c-4469-8b84-63748e66f587.png,https://panoptes-uploads.zooniverse.org/subject_location/e7512b4f-0e1b-435d-aa3f-23f8cc367415.png,10,RINGTAIL,6,60
GCETRF_CC_13Sep2021_09030103_frame_3,09030103_frame_301.png,9/4/2021 3:27,09030103_frame_302.png,9/4/2021 3:27,99754330,9858,26731,120984,10,2024-06-26 11:23:33 UTC,classification_count,2024-06-03 21:10:11 UTC,2024-06-03 21:10:11 UTC,https://panoptes-uploads.zooniverse.org/subject_location/75098469-d6a0-4e05-8b7b-de4498c98452.png,https://panoptes-uploads.zooniverse.org/subject_location/1eee3d09-735b-42ee-b6a0-08fe9a6c0395.png,10,RINGTAIL,8,80
GCETRF_CC_13Sep2021_06070008_frame_4,06070008_frame_401.png,6/7/2021 22:42,06070008_frame_402.png,6/7/2021 22:42,99754331,9858,26731,120984,10,2024-06-26 05:03:52 UTC,classification_count,2024-06-03 21:10:12 UTC,2024-06-03 21:10:12 UTC,https://panoptes-uploads.zooniverse.org/subject_location/a5a783d8-03ee-4043-8d8b-8e6a7d60f803.png,https://panoptes-uploads.zooniverse.org/subject_location/08789708-6add-4fd5-ad30-b47d16ecbe5b.png,10,HUMANORVEHICLE,5,50
GCETRF_CC_13Sep2021_06100012_frame_4,06100012_frame_401.png,6/10/2021 18:31,06100012_frame_402.png,6/10/2021 18:31,99754332,9858,26731,120984,10,2024-06-23 17:18:20 UTC,classification_count,2024-06-03 21:10:13 UTC,2024-06-03 21:10:13 UTC,https://panoptes-uploads.zooniverse.org/subject_location/3970d949-5ff2-4d12-a1d6-c9eefa35b45e.png,https://panoptes-uploads.zooniverse.org/subject_location/1c68413e-7fba-4741-a872-f43b36b9fbb3.png,10,NOTHINGHERE,9,90
GCETRF_CC_13Sep2021_06100013_frame_4,06100013_frame_401.png,6/10/2021 23:06,06100013_frame_402.png,6/10/2021 23:06,99754333,9858,26731,120984,10,2024-06-25 13:43:43 UTC,classification_count,2024-06-03 21:10:13 UTC,2024-06-03 21:10:13 UTC,https://panoptes-uploads.zooniverse.org/subject_location/3fe3d6ca-3480-4417-9734-410c17adf384.png,https://panoptes-uploads.zooniverse.org/subject_location/ed399e9f-fc47-480e-a720-6d1a379591dd.png,10,NOTHINGHERE,10,100
GCETRF_CC_13Sep2021_06100014_frame_4,06100014_frame_401.png,6/11/2021 2:07,06100014_frame_402.png,6/11/2021 2:07,99754334,9858,26731,120984,10,2024-06-24 22:51:01 UTC,classification_count,2024-06-03 21:10:16 UTC,2024-06-03 21:10:16 UTC,https://panoptes-uploads.zooniverse.org/subject_location/35449f1e-bff0-486b-910a-4cab111da4b8.png,https://panoptes-uploads.zooniverse.org/subject_location/ce180f35-138f-4c13-9e15-4d91812407ec.png,10,PARTIALANIMAL,7,70
GCETRF_CC_13Sep2021_06130024_frame_4,06130024_frame_401.png,6/14/2021 8:10,06130024_frame_402.png,6/14/2021 8:10,99754335,9858,26731,120984,10,2024-06-26 05:03:45 UTC,classification_count,2024-06-03 21:10:17 UTC,2024-06-03 21:10:17 UTC,https://panoptes-uploads.zooniverse.org/subject_location/94cfa544-1379-4b2d-aa4b-599f86ae79e4.png,https://panoptes-uploads.zooniverse.org/subject_location/e10fdc94-c652-44a0-9dd5-fd4920d67d22.png,10,RINGTAIL,7,70
GCETRF_CC_13Sep2021_06140027_frame_4,06140027_frame_401.png,6/14/2021 19:50,06140027_frame_402.png,6/14/2021 19:50,99754336,9858,26731,120984,10,2024-06-24 20:39:24 UTC,classification_count,2024-06-03 21:10:18 UTC,2024-06-03 21:10:18 UTC,https://panoptes-uploads.zooniverse.org/subject_location/71653251-7e76-4786-8674-73bc6f74c67c.png,https://panoptes-uploads.zooniverse.org/subject_location/db0aa002-4a91-47dd-8df6-6583a83d0d97.png,10,PARTIALANIMAL,6,60
GCETRF_CC_13Sep2021_06140028_frame_4,06140028_frame_401.png,6/14/2021 23:34,06140028_frame_402.png,6/14/2021 23:34,99754337,9858,26731,120984,10,2024-06-24 17:17:49 UTC,classification_count,2024-06-03 21:10:18 UTC,2024-06-03 21:10:18 UTC,https://panoptes-uploads.zooniverse.org/subject_location/bf5e4299-17e2-45ff-a1d5-713a111e6cc6.png,https://panoptes-uploads.zooniverse.org/subject_location/7b5f9963-1eb6-4ffc-95ba-61757e24af41.png,10,PARTIALANIMAL,7,70
GCETRF_CC_13Sep2021_06140029_frame_4,06140029_frame_401.png,6/14/2021 23:36,06140029_frame_402.png,6/14/2021 23:36,99754338,9858,26731,120984,10,2024-06-25 22:08:37 UTC,classification_count,2024-06-03 21:10:18 UTC,2024-06-03 21:10:18 UTC,https://panoptes-uploads.zooniverse.org/subject_location/7d1ca9c7-366b-47b6-83e0-9759fb65169c.png,https://panoptes-uploads.zooniverse.org/subject_location/05862940-58c6-496b-85a0-f74adc17387b.png,10,PARTIALANIMAL,6,60
GCETRF_CC_13Sep2021_06140032_frame_4,06140032_frame_401.png,6/15/2021 1:13,06140032_frame_402.png,6/15/2021 1:13,99754339,9858,26731,120984,10,2024-06-25 22:40:10 UTC,classification_count,2024-06-03 21:10:21 UTC,2024-06-03 21:10:21 UTC,https://panoptes-uploads.zooniverse.org/subject_location/661392b5-c5c1-4ed8-b899-bbb2ca192da0.png,https://panoptes-uploads.zooniverse.org/subject_location/e47daf15-f57e-4e91-8cc8-852c2eacca6c.png,10,NOTHINGHERE,10,100
GCETRF_CC_13Sep2021_06140033_frame_4,06140033_frame_401.png,6/15/2021 1:16,06140033_frame_402.png,6/15/2021 1:16,99754340,9858,26731,120984,10,2024-06-26 04:20:43 UTC,classification_count,2024-06-03 21:10:23 UTC,2024-06-03 21:10:23 UTC,https://panoptes-uploads.zooniverse.org/subject_location/5289060b-db8c-4653-8043-418b2fa70ee8.png,https://panoptes-uploads.zooniverse.org/subject_location/c9757e00-c0c9-4403-ae2d-14b8e1b39ef0.png,10,NOTHINGHERE,9,90
GCETRF_CC_13Sep2021_06140034_frame_4,06140034_frame_401.png,6/15/2021 6:51,06140034_frame_402.png,6/15/2021 6:51,99754341,9858,26731,120984,10,2024-06-25 22:17:44 UTC,classification_count,2024-06-03 21:10:24 UTC,2024-06-03 21:10:24 UTC,https://panoptes-uploads.zooniverse.org/subject_location/e8a14b61-c041-4308-968f-2c686a7ff858.png,https://panoptes-uploads.zooniverse.org/subject_location/787e9506-d33f-434b-a056-32a7dd988e1e.png,10,NOTHINGHERE,7,70
GCETRF_CC_13Sep2021_06160035_frame_4,06160035_frame_401.png,6/16/2021 17:33,06160035_frame_402.png,6/16/2021 17:33,99754342,9858,26731,120984,10,2024-06-25 22:02:52 UTC,classification_count,2024-06-03 21:10:25 UTC,2024-06-03 21:10:25 UTC,https://panoptes-uploads.zooniverse.org/subject_location/0e8a4921-17c3-4b78-bd4d-490dc71ba5cb.png,https://panoptes-uploads.zooniverse.org/subject_location/20557a61-8e3b-4bbe-add4-0aa3341f58e6.png,10,NOTHINGHERE,10,100
GCETRF_CC_13Sep2021_06160036_frame_4,06160036_frame_401.png,6/17/2021 6:17,06160036_frame_402.png,6/17/2021 6:17,99754343,9858,26731,120984,10,2024-06-26 07:35:32 UTC,classification_count,2024-06-03 21:10:26 UTC,2024-06-03 21:10:26 UTC,https://panoptes-uploads.zooniverse.org/subject_location/1a8ea8a6-aa21-44f4-ace6-d06797d66f57.png,https://panoptes-uploads.zooniverse.org/subject_location/443eee84-2c53-49af-a418-806366ad5e94.png,10,NOTHINGHERE,10,100
GCETRF_CC_13Sep2021_06170037_frame_4,06170037_frame_401.png,6/17/2021 10:13,06170037_frame_402.png,6/17/2021 10:13,99754344,9858,26731,120984,10,2024-06-26 07:26:10 UTC,classification_count,2024-06-03 21:10:26 UTC,2024-06-03 21:10:26 UTC,https://panoptes-uploads.zooniverse.org/subject_location/02fcadbe-7671-46c9-8b3c-994f81ebed3f.png,https://panoptes-uploads.zooniverse.org/subject_location/d064b357-82ad-46aa-afdf-f24fddc2b177.png,10,NOTHINGHERE,10,100
GCETRF_CC_13Sep2021_06170038_frame_4,06170038_frame_401.png,6/17/2021 10:17,06170038_frame_402.png,6/17/2021 10:17,99754345,9858,26731,120984,10,2024-06-26 09:16:37 UTC,classification_count,2024-06-03 21:10:29 UTC,2024-06-03 21:10:29 UTC,https://panoptes-uploads.zooniverse.org/subject_location/2dfe3f6b-c688-45d3-86b7-1be35f0e9e97.png,https://panoptes-uploads.zooniverse.org/subject_location/7e4709b4-6818-43eb-ab9f-4da4aae51d50.png,10,NOTHINGHERE,10,100
GCETRF_CC_13Sep2021_06170039_frame_4,06170039_frame_401.png,6/17/2021 10:19,06170039_frame_402.png,6/17/2021 10:19,99754346,9858,26731,120984,10,2024-06-25 20:13:39 UTC,classification_count,2024-06-03 21:10:30 UTC,2024-06-03 21:10:30 UTC,https://panoptes-uploads.zooniverse.org/subject_location/49ff1188-b20a-44b4-918d-5c09edd69e81.png,https://panoptes-uploads.zooniverse.org/subject_location/b94f600a-adba-44b6-ba4e-9e8942cc985f.png,10,NOTHINGHERE,10,100
GCETRF_CC_13Sep2021_06170040_frame_4,06170040_frame_401.png,6/17/2021 10:20,06170040_frame_402.png,6/17/2021 10:20,99754347,9858,26731,120984,10,2024-06-26 07:26:37 UTC,classification_count,2024-06-03 21:10:30 UTC,2024-06-03 21:10:30 UTC,https://panoptes-uploads.zooniverse.org/subject_location/5c4ddc3c-22f9-4408-9a38-72d71dbf62ba.png,https://panoptes-uploads.zooniverse.org/subject_location/3df61191-8d13-426a-882b-f4a3deb9dbcd.png,10,NOTHINGHERE,10,100
GCETRF_CC_13Sep2021_06170041_frame_4,06170041_frame_401.png,6/17/2021 10:22,06170041_frame_402.png,6/17/2021 10:22,99754348,9858,26731,120984,10,2024-06-26 04:37:59 UTC,classification_count,2024-06-03 21:10:31 UTC,2024-06-03 21:10:31 UTC,https://panoptes-uploads.zooniverse.org/subject_location/13a040ab-adf8-41e5-a138-a00ff7cfc151.png,https://panoptes-uploads.zooniverse.org/subject_location/111e3611-fa80-4ec2-beaa-c15f063d12c7.png,10,NOTHINGHERE,10,100
GCETRF_CC_13Sep2021_06170042_frame_4,06170042_frame_401.png,6/17/2021 10:25,06170042_frame_402.png,6/17/2021 10:25,99754349,9858,26731,120984,10,2024-06-24 15:42:57 UTC,classification_count,2024-06-03 21:10:33 UTC,2024-06-03 21:10:33 UTC,https://panoptes-uploads.zooniverse.org/subject_location/0220242f-d5a0-400c-9eec-cc00464bd124.png,https://panoptes-uploads.zooniverse.org/subject_location/632f15d3-7bdf-4e13-8384-e86bc11b71bc.png,10,NOTHINGHERE,10,100
GCETRF_CC_13Sep2021_06170043_frame_4,06170043_frame_401.png,6/17/2021 11:52,06170043_frame_402.png,6/17/2021 11:52,99754350,9858,26731,120984,10,2024-06-25 15:47:37 UTC,classification_count,2024-06-03 21:10:33 UTC,2024-06-03 21:10:33 UTC,https://panoptes-uploads.zooniverse.org/subject_location/0876e2a4-99e9-4cc0-bec6-ec47aca5160d.png,https://panoptes-uploads.zooniverse.org/subject_location/c63126d4-d682-4e40-9f89-ba78e330d4d2.png,10,NOTHINGHERE,10,100
GCETRF_CC_13Sep2021_06170044_frame_4,06170044_frame_401.png,6/17/2021 12:39,06170044_frame_402.png,6/17/2021 12:39,99754351,9858,26731,120984,10,2024-06-25 16:17:44 UTC,classification_count,2024-06-03 21:10:33 UTC,2024-06-03 21:10:33 UTC,https://panoptes-uploads.zooniverse.org/subject_location/377055da-7c52-4aec-9fbf-c0d9933713ff.png,https://panoptes-uploads.zooniverse.org/subject_location/d04c7f2e-b6fa-4543-b529-1eb0c12591c6.png,10,NOTHINGHERE,10,100
GCETRF_CC_13Sep2021_06170045_frame_4,06170045_frame_401.png,6/17/2021 12:40,06170045_frame_402.png,6/17/2021 12:40,99754352,9858,26731,120984,10,2024-06-26 07:57:11 UTC,classification_count,2024-06-03 21:10:34 UTC,2024-06-03 21:10:34 UTC,https://panoptes-uploads.zooniverse.org/subject_location/c83cfa3f-93e9-42be-b4ac-d7bad4589830.png,https://panoptes-uploads.zooniverse.org/subject_location/4ea7d681-4f12-47f1-b858-c507e012824b.png,10,NOTHINGHERE,9,90
GCETRF_CC_13Sep2021_06170046_frame_4,06170046_frame_401.png,6/17/2021 12:42,06170046_frame_402.png,6/17/2021 12:42,99754353,9858,26731,120984,10,2024-06-25 20:17:06 UTC,classification_count,2024-06-03 21:10:35 UTC,2024-06-03 21:10:35 UTC,https://panoptes-uploads.zooniverse.org/subject_location/f9eb269e-4cde-443c-8111-72448dbcaaea.png,https://panoptes-uploads.zooniverse.org/subject_location/34203efb-1c03-40d5-a4b5-c5d0e6b09d59.png,10,NOTHINGHERE,10,100
GCETRF_CC_13Sep2021_06170047_frame_4,06170047_frame_401.png,6/17/2021 12:44,06170047_frame_402.png,6/17/2021 12:44,99754354,9858,26731,120984,10,2024-06-26 11:53:52 UTC,classification_count,2024-06-03 21:10:39 UTC,2024-06-03 21:10:39 UTC,https://panoptes-uploads.zooniverse.org/subject_location/2f07d995-a8f0-4039-860b-6ff8d47c192f.png,https://panoptes-uploads.zooniverse.org/subject_location/05bf586a-0aaf-4f5e-bce9-57ff935bf5b0.png,10,NOTHINGHERE,9,90
GCETRF_CC_13Sep2021_06170048_frame_4,06170048_frame_401.png,6/17/2021 18:52,06170048_frame_402.png,6/17/2021 18:52,99754355,9858,26731,120984,10,2024-06-25 18:42:59 UTC,classification_count,2024-06-03 21:10:39 UTC,2024-06-03 21:10:39 UTC,https://panoptes-uploads.zooniverse.org/subject_location/205b7e1c-5643-4e88-81fb-b40705913dc7.png,https://panoptes-uploads.zooniverse.org/subject_location/1020c764-196d-40c7-a195-2d974f7421fc.png,10,NOTHINGHERE,10,100
GCETRF_CC_13Sep2021_06170049_frame_4,06170049_frame_401.png,6/17/2021 19:11,06170049_frame_402.png,6/17/2021 19:11,99754356,9858,26731,120984,10,2024-06-25 16:36:55 UTC,classification_count,2024-06-03 21:10:39 UTC,2024-06-03 21:10:39 UTC,https://panoptes-uploads.zooniverse.org/subject_location/249780d7-ae05-4cb5-b4fc-5ef6479102b0.png,https://panoptes-uploads.zooniverse.org/subject_location/d50b7c74-a103-4122-951a-c48d1978bd7b.png,10,NOTHINGHERE,10,100
GCETRF_CC_13Sep2021_06170050_frame_4,06170050_frame_401.png,6/17/2021 19:13,06170050_frame_402.png,6/17/2021 19:13,99754357,9858,26731,120984,10,2024-06-24 22:59:51 UTC,classification_count,2024-06-03 21:10:39 UTC,2024-06-03 21:10:39 UTC,https://panoptes-uploads.zooniverse.org/subject_location/3c73d137-c389-45de-af9c-f24cff9d8c74.png,https://panoptes-uploads.zooniverse.org/subject_location/112378a6-4529-4d28-8d5a-c116b48b1ea0.png,10,NOTHINGHERE,10,100
GCETRF_CC_13Sep2021_06220054_frame_4,06220054_frame_401.png,6/23/2021 5:25,06220054_frame_402.png,6/23/2021 5:25,99754358,9858,26731,120984,10,2024-06-25 23:33:38 UTC,classification_count,2024-06-03 21:10:39 UTC,2024-06-03 21:10:39 UTC,https://panoptes-uploads.zooniverse.org/subject_location/b8927edf-006e-4671-b68e-a0d803edeafc.png,https://panoptes-uploads.zooniverse.org/subject_location/b89dac4d-9780-49b3-af3b-f8155f70e930.png,10,NOTHINGHERE,9,90
GCETRF_CC_13Sep2021_06270061_frame_4,06270061_frame_401.png,6/28/2021 5:56,06270061_frame_402.png,6/28/2021 5:56,99754359,9858,26731,120984,10,2024-06-26 12:19:39 UTC,classification_count,2024-06-03 21:10:44 UTC,2024-06-03 21:10:44 UTC,https://panoptes-uploads.zooniverse.org/subject_location/ab4f54cd-9b2d-44f5-b570-07da1e37957b.png,https://panoptes-uploads.zooniverse.org/subject_location/6fe00812-bc65-4a38-a1c9-ef81124875da.png,10,NOTHINGHERE,6,60
GCETRF_CC_13Sep2021_07150064_frame_4,07150064_frame_401.png,7/15/2021 15:54,07150064_frame_402.png,7/15/2021 15:54,99754360,9858,26731,120984,10,2024-06-25 18:46:15 UTC,classification_count,2024-06-03 21:10:44 UTC,2024-06-03 21:10:44 UTC,https://panoptes-uploads.zooniverse.org/subject_location/04b1aef2-2062-42c5-b5d4-6b1c0db8ef25.png,https://panoptes-uploads.zooniverse.org/subject_location/0da15658-6165-48a3-8c86-8c4e9b7494b1.png,10,NOTHINGHERE,10,100
GCETRF_CC_13Sep2021_08040075_frame_4,08040075_frame_401.png,8/4/2021 20:33,08040075_frame_402.png,8/4/2021 20:33,99754361,9858,26731,120984,10,2024-06-25 21:49:31 UTC,classification_count,2024-06-03 21:10:47 UTC,2024-06-03 21:10:47 UTC,https://panoptes-uploads.zooniverse.org/subject_location/8556db21-234c-44f4-9adf-8be5539508d5.png,https://panoptes-uploads.zooniverse.org/subject_location/9051030a-f8ed-45d6-9b9b-f935a6f00726.png,10,HUMANORVEHICLE,5,50
GCETRF_CC_13Sep2021_08050078_frame_4,08050078_frame_401.png,8/6/2021 6:59,08050078_frame_402.png,8/6/2021 6:59,99754362,9858,26731,120984,10,2024-06-24 16:33:56 UTC,classification_count,2024-06-03 21:10:47 UTC,2024-06-03 21:10:47 UTC,https://panoptes-uploads.zooniverse.org/subject_location/b22dcfc5-564a-46d7-bafb-00105847e115.png,https://panoptes-uploads.zooniverse.org/subject_location/b7a2134a-015e-42d9-acd6-ae1258c1d9ce.png,10,NOTHINGHERE,7,70
GCETRF_CC_13Sep2021_08190079_frame_4,08190079_frame_401.png,8/19/2021 22:29,08190079_frame_402.png,8/19/2021 22:29,99754363,9858,26731,120984,10,2024-06-26 07:54:33 UTC,classification_count,2024-06-03 21:10:47 UTC,2024-06-03 21:10:47 UTC,https://panoptes-uploads.zooniverse.org/subject_location/ee5b6b3c-56ac-4482-9681-41cd08698d27.png,https://panoptes-uploads.zooniverse.org/subject_location/7c5c9abf-c0ed-49f8-847e-f9a89da2a28a.png,10,NOTHINGHERE,10,100
GCETRF_CC_13Sep2021_08220080_frame_4,08220080_frame_401.png,8/23/2021 8:59,08220080_frame_402.png,8/23/2021 8:59,99754364,9858,26731,120984,10,2024-06-24 19:19:50 UTC,classification_count,2024-06-03 21:10:47 UTC,2024-06-03 21:10:47 UTC,https://panoptes-uploads.zooniverse.org/subject_location/3e693140-57ab-4ff6-a477-61ef9d601a5b.png,https://panoptes-uploads.zooniverse.org/subject_location/96bd2a2c-3afe-4ddd-8298-fd947fce49da.png,10,NOTHINGHERE,10,100
GCETRF_CC_13Sep2021_08240081_frame_4,08240081_frame_401.png,8/25/2021 1:35,08240081_frame_402.png,8/25/2021 1:35,99754365,9858,26731,120984,10,2024-06-25 16:50:56 UTC,classification_count,2024-06-03 21:10:48 UTC,2024-06-03 21:10:48 UTC,https://panoptes-uploads.zooniverse.org/subject_location/bdc1cce0-8e01-44a0-a192-5eec3cbd440d.png,https://panoptes-uploads.zooniverse.org/subject_location/0d1f63bc-aad5-401d-8492-aa714d654c33.png,10,HUMANORVEHICLE,10,100
GCETRF_CC_13Sep2021_08270088_frame_4,08270088_frame_401.png,8/28/2021 5:14,08270088_frame_402.png,8/28/2021 5:14,99754366,9858,26731,120984,10,2024-06-23 18:08:01 UTC,classification_count,2024-06-03 21:10:53 UTC,2024-06-03 21:10:53 UTC,https://panoptes-uploads.zooniverse.org/subject_location/e7fdb0f3-3955-4539-9b3e-5b75bc2b0593.png,https://panoptes-uploads.zooniverse.org/subject_location/a4109c36-7d67-490a-a8c1-3828d7b7d995.png,10,PARTIALANIMAL,6,60
GCETRF_CC_13Sep2021_08270089_frame_4,08270089_frame_401.png,8/28/2021 5:15,08270089_frame_402.png,8/28/2021 5:15,99754367,9858,26731,120984,10,2024-06-24 15:41:48 UTC,classification_count,2024-06-03 21:10:53 UTC,2024-06-03 21:10:53 UTC,https://panoptes-uploads.zooniverse.org/subject_location/f99365be-249e-499d-9281-f0a4d094bbb7.png,https://panoptes-uploads.zooniverse.org/subject_location/78c19903-b0df-43c4-9008-165d219c640a.png,10,RINGTAIL,5,50
GCETRF_CC_13Sep2021_08280090_frame_4,08280090_frame_401.png,8/29/2021 6:55,08280090_frame_402.png,8/29/2021 6:55,99754368,9858,26731,120984,10,2024-06-25 15:16:31 UTC,classification_count,2024-06-03 21:10:53 UTC,2024-06-03 21:10:53 UTC,https://panoptes-uploads.zooniverse.org/subject_location/c9ce90c2-383a-41ad-a9a3-f38e11d170cd.png,https://panoptes-uploads.zooniverse.org/subject_location/52e5bdc9-bc03-47d7-ad9c-e63d0ad2d7b4.png,10,RINGTAIL,6,60
GCETRF_CC_13Sep2021_09030103_frame_4,09030103_frame_401.png,9/4/2021 3:28,09030103_frame_402.png,9/4/2021 3:28,99754369,9858,26731,120984,10,2024-06-25 22:47:51 UTC,classification_count,2024-06-03 21:10:53 UTC,2024-06-03 21:10:53 UTC,https://panoptes-uploads.zooniverse.org/subject_location/fa1a39bb-3142-4c05-9a36-d4a5c8cfe489.png,https://panoptes-uploads.zooniverse.org/subject_location/2511df87-fb53-4072-8c27-2bdbceb5027f.png,10,RINGTAIL,7,70
