SiteType,Park,CheckEvent,TrapID,Individual_ID,Individual_Count,DistinguishingFeatures,TaxonomicID,TaxonomicRank,Box,Slot,,Phylum,Class,Order,Family,Genus,Species
Outdoor,Zion,EC2_ST_18May2021,EC2_ST_18May2021_1,EC2_18May2021_1_IND01,1,"head shape, chewing mouthparts",Formicidae,Family,I,A1,,Arthropoda,Insecta,Hymenoptera,Formicidae,,
Outdoor,Zion,EC2_ST_18May2021,EC2_ST_18May2021_1,EC2_18May2021_1_IND02,1,"head shape, clear body segments distinguishable",Formicidae,Family,I,A2,,Arthropoda,Insecta,Hymenoptera,Formicidae,,
Outdoor,Zion,EC2_ST_18May2021,EC2_ST_18May2021_1,EC2_18May2021_1_IND03,1,chitinous elytra,Coleoptera,Order,I,A3,,Arthropoda,Insecta,Coleoptera,,,
Outdoor,Zion,EC2_ST_18May2021,EC2_ST_18May2021_1,EC2_18May2021_1_IND04,1,"partial individual (small bits), appears to have some layering",Insecta,Class,I,A4,,Arthropoda,Insecta,,,,
Outdoor,Zion,EC2_ST_18May2021,EC2_ST_18May2021_2,EC2_18May2021_2_IND01,1,"layered plate-like structure, long, folded leg lacking prominent bristles, small size",Insecta,Class,I,A5,,Arthropoda,Insecta,,,,
Outdoor,Zion,EC2_ST_18May2021,EC2_ST_18May2021_4,EC2_18May2021_4_IND01,0,no clear body structure,debris,,I,A6,,,,,,,
Outdoor,Zion,DZ_ST_15Jun2021,DZ_ST_15Jun2021_1,DZ_15Jun2021_1_IND01,1,similar to PC_27Jun2021_2_IND06; cerci are not toothed,Forficula auricularia,Species,I,G7,,Arthropoda,Insecta,Dermaptera,Forficulidae,Forficula,Forficula auricularia
Outdoor,Zion,DZ_ST_15Jun2021,DZ_ST_15Jun2021_1,DZ_15Jun2021_1_IND02,1,similar to DZ_15Jun2021_1_IND01,Forficula auricularia,Species,I,G8,,Arthropoda,Insecta,Dermaptera,Forficulidae,Forficula,Forficula auricularia
Outdoor,Zion,DZ_ST_15Jun2021,DZ_ST_15Jun2021_1,DZ_15Jun2021_1_IND03,1,"similar to DZ_15Jun2021_1_IND01, but less complete -- abdomen and cerci are similar, similar head shape",Forficula auricularia,Species,I,G9,,Arthropoda,Insecta,Dermaptera,Forficulidae,Forficula,Forficula auricularia
Outdoor,Zion,DZ_ST_15Jun2021,DZ_ST_15Jun2021_1,DZ_15Jun2021_1_IND04,1,"cockroach, light color, dark front of head, flat veined wings",Parcoblatta,Genus,I,G10,,Arthropoda,Insecta,Blattodea,Ectobiidae,Parcoblatta,
Outdoor,Zion,DZ_ST_15Jun2021,DZ_ST_15Jun2021_1,DZ_15Jun2021_1_IND05,1,similar to DZ_15Jun2021_1_IND04,Parcoblatta,Genus,I,H1,,Arthropoda,Insecta,Blattodea,Ectobiidae,Parcoblatta,
Outdoor,Zion,DZ_ST_15Jun2021,DZ_ST_15Jun2021_1,DZ_15Jun2021_1_IND06,1,similar to DZ_15Jun2021_1_IND01,Forficula auricularia,Species,I,H2,,Arthropoda,Insecta,Dermaptera,Forficulidae,Forficula,Forficula auricularia
Outdoor,Zion,DZ_ST_15Jun2021,DZ_ST_15Jun2021_1,DZ_15Jun2021_1_IND07,1,similar to DZ_15Jun2021_1_IND01,Forficula auricularia,Species,I,H3,,Arthropoda,Insecta,Dermaptera,Forficulidae,Forficula,Forficula auricularia
Outdoor,Zion,DZ_ST_15Jun2021,DZ_ST_15Jun2021_1,DZ_15Jun2021_1_IND08,1,"number of legs, eye pattern",Salticidae,Family,I,H4,,Arthropoda,Insecta,Araneae,Salticidae,,
Outdoor,Zion,DZ_ST_15Jun2021,DZ_ST_15Jun2021_1,DZ_15Jun2021_1_IND09,1,"cerci; long, thin body, wider at the end of the abdomen",Forficula auricularia,Species,I,H5,,Arthropoda,Insecta,Dermaptera,Forficulidae,Forficula,Forficula auricularia
Outdoor,Zion,DZ_ST_15Jun2021,DZ_ST_15Jun2021_1,DZ_15Jun2021_1_IND10,1,"head shape, body shape",Dermaptera,Order,I,H6,,Arthropoda,Insecta,Dermaptera,,,
Outdoor,Zion,DZ_ST_15Jun2021,DZ_ST_15Jun2021_1,DZ_15Jun2021_1_IND11,1,"small segments on antenna, abdomen and cerci similar to Dermaptera from same check event",Forficula auricularia,Species,I,H7,,Arthropoda,Insecta,Dermaptera,Forficulidae,Forficula,Forficula auricularia
Outdoor,Zion,DZ_ST_15Jun2021,DZ_ST_15Jun2021_1,DZ_15Jun2021_1_IND12,1,"cerci, end of abdomen shape",Forficula auricularia,Species,I,H8,,Arthropoda,Insecta,Dermaptera,Forficulidae,Forficula,Forficula auricularia
Outdoor,Zion,DZ_ST_15Jun2021,DZ_ST_15Jun2021_1,DZ_15Jun2021_1_IND13,1,"head shape, abdomen shape, antenna shape",Formicidae,Family,I,H9,,Arthropoda,Insecta,Hymenoptera,Formicidae,,
Outdoor,Zion,DZ_ST_15Jun2021,DZ_ST_15Jun2021_1,DZ_15Jun2021_1_IND14,0,no clear body structure,debris,,I,H10,,,,,,,
Outdoor,Zion,DZ_ST_15Jun2021,DZ_ST_15Jun2021_1,DZ_15Jun2021_1_IND15,1,head shape and mouthparts,Formicidae,Family,I,I1,,Arthropoda,Insecta,Hymenoptera,Formicidae,,
Outdoor,Zion,DZ_ST_15Jun2021,DZ_ST_15Jun2021_1,DZ_15Jun2021_1_IND16,1,"shield-like thorax, eyes",Blattodea,Order,I,I2,,Arthropoda,Insecta,Blattodea,,,
Outdoor,Zion,DZ_ST_15Jun2021,DZ_ST_15Jun2021_1,DZ_15Jun2021_1_IND17,2,"head shape, head to thorax connection",Dermaptera,Order,I,I3,,Arthropoda,Insecta,Dermaptera,,,
Outdoor,Zion,DZ_ST_15Jun2021,DZ_ST_15Jun2021_1,DZ_15Jun2021_1_IND18,1,"head shape, chewing mouthparts",Formicidae,Family,I,I4,,Arthropoda,Insecta,Hymenoptera,Formicidae,,
Outdoor,Zion,DZ_ST_15Jun2021,DZ_ST_15Jun2021_1,DZ_15Jun2021_1_IND19,1,"partial individual (small bits, some leg)",Arthropoda,Phylum,I,I5,,Arthropoda,,,,,
Outdoor,Zion,DZ_ST_15Jun2021,DZ_ST_15Jun2021_1,DZ_15Jun2021_1_IND20,1,"head shape, head to thorax connection, antennae",Dermaptera,Order,I,I6,,Arthropoda,Insecta,Dermaptera,,,
Outdoor,Zion,DZ_ST_15Jun2021,DZ_ST_15Jun2021_1,DZ_15Jun2021_1_IND21,1,"compound eyes, long antennae with small segments",Insecta,Class,I,I7,,Arthropoda,Insecta,,,,
Outdoor,Zion,DZ_ST_15Jun2021,DZ_ST_15Jun2021_1,DZ_15Jun2021_1_IND22,1,partial individual (leg only) -- spined leg,Insecta,Class,I,I8,,Arthropoda,Insecta,,,,
Outdoor,Zion,DZ_ST_15Jun2021,DZ_ST_15Jun2021_1,DZ_15Jun2021_1_IND23,1,"cerci, round end of abdomen, layered segments on abdomen",Forficula auricularia,Species,I,I9,,Arthropoda,Insecta,Dermaptera,Forficulidae,Forficula,Forficula auricularia
Outdoor,Zion,DZ_ST_15Jun2021,DZ_ST_15Jun2021,DZ_15Jun2021_IND01,1,Parcoblatta? flat back and layered segments,Blattodea,Order,I,I10,,Arthropoda,Insecta,Blattodea,,,
Outdoor,Zion,DZ_ST_15Jun2021,DZ_ST_15Jun2021_3,DZ_15Jun2021_3_IND01,1,"wrinkled abdomen, hymenoptera-like eye shape, long curved part on head?",Insecta,Class,I,J1,,Arthropoda,Insecta,,,,
Outdoor,Zion,DZ_ST_15Jun2021,DZ_ST_15Jun2021_3,DZ_15Jun2021_3_IND02,1,"head shape, chewing mouthparts",Formicidae,Family,I,J2,,Arthropoda,Insecta,Hymenoptera,Formicidae,,
Outdoor,Zion,DZ_ST_15Jun2021,DZ_ST_15Jun2021_3,DZ_15Jun2021_3_IND03,1,"cerci, wing shape",Forficula auricularia,Species,I,J3,,Arthropoda,Insecta,Dermaptera,Forficulidae,Forficula,Forficula auricularia
Outdoor,Zion,DZ_ST_15Jun2021,DZ_ST_15Jun2021_2,DZ_15Jun2021_2_IND01,1,"cerci, ant-like head shape",Forficula auricularia,Species,I,J4,,Arthropoda,Insecta,Dermaptera,Forficulidae,Forficula,Forficula auricularia
Outdoor,Zion,DZ_ST_15Jun2021,DZ_ST_15Jun2021_2,DZ_15Jun2021_2_IND02,1,"fly, red eyes and single color black body, body shape -- blow fly",Calliphoridae,Family,I,J5,,Arthropoda,Insecta,Diptera,Calliphoridae,,
Outdoor,Zion,DZ_ST_15Jun2021,DZ_ST_15Jun2021_2,DZ_15Jun2021_2_IND03,1,"relatively large thorax, veined wings, compound eyes relatively large in head, head shape",Diptera,Order,I,J6,,Arthropoda,Insecta,Diptera,,,
Outdoor,Zion,DZ_ST_15Jun2021,DZ_ST_15Jun2021_2,DZ_15Jun2021_2_IND04,1,"very broken up, a loose cerci present",Dermaptera,Order,I,J7,,Arthropoda,Insecta,Dermaptera,,,
Outdoor,Zion,DZ_ST_15Jun2021,DZ_ST_15Jun2021_2,DZ_15Jun2021_2_IND05,1,"partial individual (no head), layered segments of abdomen",Insecta,Class,I,J8,,Arthropoda,Insecta,,,,
Outdoor,Zion,DZ_ST_15Jun2021,DZ_ST_15Jun2021_2,DZ_15Jun2021_2_IND06,1,"one pair of veined wings, hairy body, leg shape",Calliphoridae,Family,I,J9,,Arthropoda,Insecta,Diptera,Calliphoridae,,
Outdoor,Zion,DZ_ST_15Jun2021,DZ_ST_15Jun2021_2,DZ_15Jun2021_2_IND07,51,"cerci, wing shape, head shape, Forficulidae",Forficula auricularia,Species,sc,sc,,Arthropoda,Insecta,Dermaptera,Forficulidae,Forficula,Forficula auricularia
Outdoor,GC,GCNRM_ST_30Jun2021,GCNRM_ST_30Jun2021_1,NRM_30Jun2021_1_IND01,1,head and mouth shape,Diptera,Order,I,J10,,Arthropoda,Insecta,Diptera,,,
Outdoor,GC,GCNRM_ST_30Jun2021,GCNRM_ST_30Jun2021_1,NRM_30Jun2021_1_IND02,1,"compound eyes, sort of butt-shaped head with a protrusion(?) coming from it, small layered part that may be the abdomen?",Insecta,Class,II,A1,,Arthropoda,Insecta,,,,
Outdoor,GC,GCNRM_ST_30Jun2021,GCNRM_ST_30Jun2021_1,NRM_30Jun2021_1_IND03,1,partial individual (legs only),Hymenoptera,Order,II,A2,,Arthropoda,Insecta,Hymenoptera,,,
Outdoor,GC,GCNRM_ST_30Jun2021,GCNRM_ST_30Jun2021_1,NRM_30Jun2021_1_IND04,1,"long stinger (or short ovipositor?), head shape",Insecta,Class,II,A3,,Arthropoda,Insecta,,,,
Outdoor,GC,GCNRM_ST_30Jun2021,GCNRM_ST_30Jun2021_2,NRM_30Jun2021_2_IND01,1,partial individual (thorax? thorax and abdomen?),Insecta,Class,II,A4,,Arthropoda,Insecta,,,,
Outdoor,GC,GCNRM_ST_30Jun2021,GCNRM_ST_30Jun2021_2,NRM_30Jun2021_2_IND02,1,"chewing mouthparts, thin thorax, longish head -- Formicidae",Formicidae,Family,II,A5,,Arthropoda,Insecta,Hymenoptera,Formicidae,,
Outdoor,GC,GCNRM_ST_30Jun2021,GCNRM_ST_30Jun2021_2,NRM_30Jun2021_2_IND03,1,hard wing covers that meet straight down dorsal side of body,Coleoptera,Order,II,A6,,Arthropoda,Insecta,Coleoptera,,,
Outdoor,Zion,LH_ST_14Jun2021,LH_ST_14Jun2021_1,LH_14Jun2021_1_IND01,1,"body shape, translucent wings, hood shape -- family Blattidae (American cockroach) or Blaberidae (giant cockroaches); size is small",Blattodea,Order,II,A9,,Arthropoda,Insecta,Blattodea,,,
Outdoor,Zion,LH_ST_14Jun2021,LH_ST_14Jun2021_1,LH_14Jun2021_1_IND02,1,"body shape, translucent wings, hood shape -- family Blattidae (American cockroach) or Blaberidae (giant cockroaches); size is small",Blattodea,Order,II,A10,,Arthropoda,Insecta,Blattodea,,,
Outdoor,Zion,LH_ST_14Jun2021,LH_ST_14Jun2021_1,LH_14Jun2021_1_IND03,1,"hood and body shape, translucent wings, spined legs",Blattodea,Order,II,B1,,Arthropoda,Insecta,Blattodea,,,
Outdoor,Zion,LH_ST_14Jun2021,LH_ST_14Jun2021_1,LH_14Jun2021_1_IND04,1,hard body?,,,II,B2,,,,,,,
Outdoor,Zion,LH_ST_14Jun2021,LH_ST_14Jun2021_1,LH_14Jun2021_1_IND05,1,hood and body shape,Blattodea,Order,II,B3,,Arthropoda,Insecta,Blattodea,,,
Outdoor,Zion,OC_ST_08Jun2021,Camp2_ST_08Jun2021_1,Camp2_08Jun2021_1_IND01,1,hairy body - Diptera?,Insecta,Class,II,B4,,Arthropoda,Insecta,,,,
Outdoor,Zion,OC_ST_08Jun2021,Camp2_ST_08Jun2021_1,Camp2_08Jun2021_1_IND02,1,hairy body - Diptera?,Insecta,Class,II,B5,,Arthropoda,Insecta,,,,
Outdoor,Zion,OC_ST_08Jun2021,Camp2_ST_08Jun2021_1,Camp2_08Jun2021_1_IND03,1,chewing mouthparts,Formicidae,Family,II,B6,,Arthropoda,Insecta,Hymenoptera,Formicidae,,
Outdoor,Zion,OC_ST_08Jun2021,Camp2_ST_08Jun2021_1,Camp2_08Jun2021_1_IND04,1,"long mouthpart? hard body, small head tucked under body",Coleoptera,Order,II,B7,,Arthropoda,Insecta,Coleoptera,,,
Outdoor,Zion,OC_ST_08Jun2021,Camp2_ST_08Jun2021_2,Camp2_08Jun2021_2_IND01,1,"hard wing covers that meet straight down dorsal side of body, hook-shaped spine on top of thorax",Coleoptera,Order,II,B8,THESE GUYS,Arthropoda,Insecta,Coleoptera,,,
Outdoor,Zion,OC_ST_08Jun2021,Camp2_ST_08Jun2021_2,Camp2_08Jun2021_2_IND02,1,"hard wing covers that meet straight down dorsal side of body, hook-shaped spine on top of thorax",Coleoptera,Order,II,B9,THESE GUYS,Arthropoda,Insecta,Coleoptera,,,
Outdoor,Zion,OC_ST_08Jun2021,Camp2_ST_08Jun2021_2,Camp2_08Jun2021_2_IND03,1,"hard wing covers that meet straight down dorsal side of body, hook-shaped spine on top of thorax",Coleoptera,Order,II,B10,THESE GUYS,Arthropoda,Insecta,Coleoptera,,,
Outdoor,Zion,OC_ST_08Jun2021,Camp2_ST_08Jun2021_2,Camp2_08Jun2021_2_IND04,1,"hard wing covers that meet straight down dorsal side of body, hook-shaped spine on top of thorax",Coleoptera,Order,II,C1,THESE GUYS,Arthropoda,Insecta,Coleoptera,,,
Outdoor,Zion,OC_ST_08Jun2021,Camp2_ST_08Jun2021_2,Camp2_08Jun2021_2_IND05,1,"hard wing covers that meet straight down dorsal side of body, hook-shaped spine on top of thorax",Coleoptera,Order,II,C2,THESE GUYS,Arthropoda,Insecta,Coleoptera,,,
Outdoor,Zion,OC_ST_08Jun2021,Camp2_ST_08Jun2021_2,Camp2_08Jun2021_2_IND06,1,???,,,II,C3,,,,,,,
Outdoor,Zion,OC_ST_08Jun2021,Camp2_ST_08Jun2021_2,Camp2_08Jun2021_2_IND07,1,ant-like head shape,Insecta,Class,II,C4,,Arthropoda,Insecta,,,,
Outdoor,Zion,OC_ST_08Jun2021,Camp2_ST_08Jun2021_2,Camp2_08Jun2021_2_IND08,1,hook on thorax,Coleoptera,Order,VI,F6,THESE GUYS,Arthropoda,Insecta,Coleoptera,,,
Outdoor,Zion,OC_ST_08Jun2021,Camp2_ST_08Jun2021_3,Camp2_08Jun2021_3_IND01,1,"head shape, body segments",Formicidae,Family,II,C5,,Arthropoda,Insecta,Hymenoptera,Formicidae,,
Outdoor,Zion,OC_ST_08Jun2021,Camp2_ST_08Jun2021_3,Camp2_08Jun2021_3_IND02,1,"segmented antennae, elytra, hook on dorsal side of thorax",Coleoptera,Order,II,C6,THESE GUYS,Arthropoda,Insecta,Coleoptera,,,
Outdoor,Zion,OC_ST_08Jun2021,Camp2_ST_08Jun2021_3,Camp2_08Jun2021_3_IND03,1,"elytra, hook on thorax",Coleoptera,Order,II,C7,THESE GUYS,Arthropoda,Insecta,Coleoptera,,,
Outdoor,Zion,OC_ST_08Jun2021,Camp2_ST_08Jun2021_3,Camp2_08Jun2021_3_IND04,1,"elytra, hook on thorax",Coleoptera,Order,II,C8,THESE GUYS,Arthropoda,Insecta,Coleoptera,,,
Outdoor,Zion,OC_ST_08Jun2021,Camp2_ST_08Jun2021_3,Camp2_08Jun2021_3_IND05,1,??? there's legs in there,Insecta,Class,II,C9,,Arthropoda,Insecta,,,,
Outdoor,Zion,OC_ST_08Jun2021,Camp2_ST_08Jun2021_3,Camp2_08Jun2021_3_IND06,1,"hairy body and legs, 4 eyes",Araneae,Order,II,C10,,Arthropoda,Euchelicerata,Araneae,,,
Outdoor,Zion,OC_ST_08Jun2021,Camp2_ST_08Jun2021_3,Camp2_08Jun2021_3_IND07,1,"head shape, chewing mouthparts",Formicidae,Family,II,D1,,Arthropoda,Insecta,Hymenoptera,Formicidae,,
Outdoor,Zion,OC_ST_08Jun2021,Camp2_ST_08Jun2021_3,Camp2_08Jun2021_3_IND08,1,"head shape, chewing mouthparts",Formicidae,Family,II,D2,,Arthropoda,Insecta,Hymenoptera,Formicidae,,
Outdoor,Zion,OC_ST_08Jun2021,Camp2_ST_08Jun2021_3,Camp2_08Jun2021_3_IND09,1,"veined wings, hairs on legs",Insecta,Class,II,D3,,Arthropoda,Insecta,,,,
Outdoor,Zion,OC_ST_08Jun2021,Camp2_ST_08Jun2021_3,Camp2_08Jun2021_3_IND10,1,partial individual (abdomen only),Insecta,Class,II,D4,,Arthropoda,Insecta,,,,
Outdoor,Zion,OC_ST_08Jun2021,Camp2_ST_08Jun2021_3,Camp2_08Jun2021_3_IND11,1,partial individual (abdomen?),Insecta,Class,II,D5,,Arthropoda,Insecta,,,,
Outdoor,Zion,OC_ST_08Jun2021,Camp2_ST_08Jun2021_3,Camp2_08Jun2021_3_IND12,1,"chewing mouthparts, head shape",Formicidae,Family,II,D6,chewing onto something,Arthropoda,Insecta,Hymenoptera,Formicidae,,
Outdoor,Zion,OC_ST_08Jun2021,Camp2_ST_08Jun2021_3,Camp2_08Jun2021_3_IND13,1,???,,,II,D7,,,,,,,
Outdoor,Zion,OC_ST_08Jun2021,Camp2_ST_08Jun2021_3,Camp2_08Jun2021_3_IND14,1,"chewing mouthparts, head shape",Formicidae,Family,II,D8,,Arthropoda,Insecta,Hymenoptera,Formicidae,,
Outdoor,Zion,OC_ST_08Jun2021,Camp2_ST_08Jun2021_3,Camp2_08Jun2021_3_IND15,1,"chewing mouthparts, head shape",Formicidae,Family,II,D9,,Arthropoda,Insecta,Hymenoptera,Formicidae,,
Outdoor,Zion,OC_ST_08Jun2021,Camp2_ST_08Jun2021_3,Camp2_08Jun2021_3_IND16,1,???,,,II,D10,,,,,,,
Outdoor,Zion,OC_ST_08Jun2021,Camp2_ST_08Jun2021_3,Camp2_08Jun2021_3_IND17,1,"head shape, mouthparts",Formicidae,Family,II,E1,,Arthropoda,Insecta,Hymenoptera,Formicidae,,
Outdoor,Zion,OC_ST_08Jun2021,Camp2_ST_08Jun2021_3,Camp2_08Jun2021_3_IND18,1,"head and body shape, mouthparts",Formicidae,Family,II,E2,,Arthropoda,Insecta,Hymenoptera,Formicidae,,
Outdoor,Zion,OC_ST_08Jun2021,Camp2_ST_08Jun2021_3,Camp2_08Jun2021_3_IND19,1,"hard, lumpy body",Insecta,Class,II,E3,,Arthropoda,Insecta,,,,
Outdoor,Zion,OC_ST_08Jun2021,Camp2_ST_08Jun2021_3,Camp2_08Jun2021_3_IND20,1,"partial individual (abdomen), thin ""waist"" -- looks like Formicidae?",Insecta,Class,II,E4,,Arthropoda,Insecta,,,,
Outdoor,Zion,OC_ST_08Jun2021,Camp2_ST_08Jun2021_3,Camp2_08Jun2021_3_IND21,1,partial individual (abdomen and thorax) -- looks like Formicidae?,Insecta,Class,II,E5,,Arthropoda,Insecta,,,,
Outdoor,Zion,OC_ST_08Jun2021,Camp2_ST_08Jun2021_3,Camp2_08Jun2021_3_IND22,1,"partial individual (head and abdomen(?)), wide oval-shaped head, eyes on far opposite sides of oval, veined wing",Insecta,Class,II,E6,,Arthropoda,Insecta,,,,
Outdoor,Zion,OC_ST_08Jun2021,Camp2_ST_08Jun2021_3,Camp2_08Jun2021_3_IND23,1,"partial individual (legs only), hairy legs",Insecta,Class,II,E7,,Arthropoda,Insecta,,,,
Outdoor,Zion,OC_ST_08Jun2021,Camp2_ST_08Jun2021_4,Camp2_08Jun2021_4_IND01,1,"elytra?, hook on thorax",Coleoptera,Order,II,E8,THESE GUYS,Arthropoda,Insecta,Coleoptera,,,
Outdoor,Zion,OC_ST_08Jun2021,Camp2_ST_08Jun2021_4,Camp2_08Jun2021_4_IND02,1,"hook on thorax, elytra",Coleoptera,Order,II,E9,THESE GUYS,Arthropoda,Insecta,Coleoptera,,,
Outdoor,Zion,OC_ST_08Jun2021,Camp2_ST_08Jun2021_4,Camp2_08Jun2021_4_IND03,1,partial individual (abdomen),Insecta,Class,II,E10,,Arthropoda,Insecta,,,,
Outdoor,Zion,OC_ST_08Jun2021,Camp2_ST_08Jun2021_4,Camp2_08Jun2021_4_IND04,1,"elytra, hook on thorax",Coleoptera,Order,II,F1,THESE GUYS,Arthropoda,Insecta,Coleoptera,,,
Outdoor,GC,GCBAC_ST_05Jun2021,BAC_ST_05Jun2021_1,BAC_05Jun2021_1_IND01,1,"wing shape and pattern, wide set eyes",Hemiptera,Order,II,J6,,Arthropoda,Insecta,,,,
Outdoor,GC,GCBAC_ST_05Jun2021,BAC_ST_05Jun2021_1,BAC_05Jun2021_1_IND02,1,"wing shape and pattern, wide set eyes",Hemiptera,Order,II,J7,,Arthropoda,Insecta,,,,
Outdoor,GC,GCBAC_ST_05Jun2021,BAC_ST_05Jun2021_1,BAC_05Jun2021_1_IND03,1,"2 body sections, many legs, hairy body and legs",Araneae,Order,II,J8,,Arthropoda,Euchelicerata,Araneae,,,
Outdoor,GC,GCBAC_ST_05Jun2021,BAC_ST_05Jun2021_1,BAC_05Jun2021_1_IND04,1,"hairy body and legs, number of legs and body segments",Araneae,Order,II,J9,,Arthropoda,Euchelicerata,Araneae,,,
Outdoor,GC,GCBAC_ST_05Jun2021,BAC_ST_05Jun2021_1,BAC_05Jun2021_1_IND05,1,4 legs to a side?,Arachnida,Class,II,J10,,Arthropoda,Euchelicerata,,,,
Outdoor,GC,GCBAC_ST_05Jun2021,BAC_ST_05Jun2021_1,BAC_05Jun2021_1_IND06,1,"elytra, wide set small eyes, dot-like texture of thorax and elytra. shape of body -- Carabidae?",Coleoptera,Order,III,A1,,Arthropoda,Insecta,,,,
Outdoor,GC,GCBAC_ST_05Jun2021,BAC_ST_05Jun2021_1,BAC_05Jun2021_1_IND07,1,"shape of segmented body, many legs, partly rolled into a ball -- definitely family Armadillidiidae",Armadillidium vulgare,Species,III,A2,,Arthropoda,Malacostraca,Isopoda,Armadillidiidae,Armadillidium,Armadillidium vulgare
Outdoor,GC,GCBAC_ST_05Jun2021,BAC_ST_05Jun2021_1,BAC_05Jun2021_1_IND08,1,"partial individual (abdomen only), wing shape/meeting pattern",Hemiptera,Order,III,A3,,Arthropoda,Insecta,Hemiptera,,,
Outdoor,GC,GCBAC_ST_05Jun2021,BAC_ST_05Jun2021_1,BAC_05Jun2021_1_IND09,1,"shape of segmented body, many legs",Armadillidium vulgare,Species,III,A4,,Arthropoda,Malacostraca,Isopoda,Armadillidiidae,Armadillidium,Armadillidium vulgare
Outdoor,GC,GCBAC_ST_05Jun2021,BAC_ST_05Jun2021_1,BAC_05Jun2021_1_IND10,1,"shape of body and head, top of abdomen missing but small part of wings appears to have the X shape of Hemiptera",Hemiptera,Order,III,A5,,Arthropoda,Insecta,Hemiptera,,,
Outdoor,GC,GCBAC_ST_05Jun2021,BAC_ST_05Jun2021_1,BAC_05Jun2021_1_IND11,1,"shape of segmented body, many legs",Armadillidium vulgare,Species,III,A6,,Arthropoda,Malacostraca,Isopoda,Armadillidiidae,Armadillidium,Armadillidium vulgare
Outdoor,GC,GCBAC_ST_05Jun2021,BAC_ST_05Jun2021_1,BAC_05Jun2021_1_IND12,1,"elytra, wide set small eyes, dot-like texture of thorax and elytra. shape of body -- Carabidae? -- same as BAC_05Jun2021_1_IND06",Coleoptera,Order,III,A7,,Arthropoda,Insecta,Coleoptera,,,
Outdoor,GC,GCBAC_ST_05Jun2021,BAC_ST_05Jun2021_1,BAC_05Jun2021_1_IND13,1,"shape of segmented body, many legs, partly rolled into a ball -- definitely family Armadillidiidae",Armadillidium vulgare,Species,III,A8,,Arthropoda,Malacostraca,Isopoda,Armadillidiidae,Armadillidium,Armadillidium vulgare
Outdoor,GC,GCBAC_ST_05Jun2021,BAC_ST_05Jun2021_1,BAC_05Jun2021_1_IND14,1,"X wing shape, body shape -- box elder, seed, or plant bug; small size -- ~.5 cm",Hemiptera,Order,III,A9,,Arthropoda,Insecta,Hemiptera,,,
Outdoor,GC,GCBAC_ST_05Jun2021,BAC_ST_05Jun2021_1,BAC_05Jun2021_1_IND15,1,"segments of body, leg number",Armadillidium vulgare,Species,III,A10,,Arthropoda,Malacostraca,Isopoda,Armadillidiidae,Armadillidium,Armadillidium vulgare
Outdoor,GC,GCBAC_ST_05Jun2021,BAC_ST_05Jun2021_1,BAC_05Jun2021_1_IND16,1,"long (sucking?) mouthparts, compound eyes, veined wings are small and do not meet though part of abdomen may be missing?",Hemiptera,Order,III,B1,,Arthropoda,Insecta,Hemiptera,,,
Outdoor,GC,GCBAC_ST_05Jun2021,BAC_ST_05Jun2021_1,BAC_05Jun2021_1_IND17,1,"shape of segmented body, many legs, partly rolled into a ball -- definitely family Armadillidiidae",Armadillidium vulgare,Species,III,B2,,Arthropoda,Malacostraca,Isopoda,Armadillidiidae,Armadillidium,Armadillidium vulgare
Outdoor,GC,GCBAC_ST_05Jun2021,BAC_ST_05Jun2021_1,BAC_05Jun2021_1_IND18,1,"shape of segmented body, many legs",Armadillidium vulgare,Species,III,B3,,Arthropoda,Malacostraca,Isopoda,Armadillidiidae,Armadillidium,Armadillidium vulgare
Outdoor,GC,GCBAC_ST_05Jun2021,BAC_ST_05Jun2021_1,BAC_05Jun2021_1_IND19,1,"head and body shape, wide set small eyes, X wing pattern",Hemiptera,Order,III,B4,,Arthropoda,Insecta,Hemiptera,,,
Outdoor,GC,GCBAC_ST_05Jun2021,BAC_ST_05Jun2021_1,BAC_05Jun2021_1_IND20,1,elytra,Coleoptera,Order,III,B5,,Arthropoda,Insecta,Coleoptera,,,
Outdoor,GC,GCBAC_ST_05Jun2021,BAC_ST_05Jun2021_1,BAC_05Jun2021_1_IND21,1,"segments of body, leg number",Armadillidium vulgare,Species,III,B6,,Arthropoda,Malacostraca,Isopoda,Armadillidiidae,Armadillidium,Armadillidium vulgare
Outdoor,GC,GCBAC_ST_05Jun2021,BAC_ST_05Jun2021_1,BAC_05Jun2021_1_IND22,1,"segments of body, leg number",Armadillidium vulgare,Species,III,B7,,Arthropoda,Malacostraca,Isopoda,Armadillidiidae,Armadillidium,Armadillidium vulgare
Outdoor,GC,GCBAC_ST_05Jun2021,BAC_ST_05Jun2021_1,BAC_05Jun2021_1_IND23,1,"partial individual -- small ""bands"" of hard exoskeleton, scorpion claw?? or cerci?? It's either Dermaptera or or Scorpiones",Arthropoda,Phylum,III,B8,,Arthropoda,,,,,
Outdoor,GC,GCBAC_ST_05Jun2021,BAC_ST_05Jun2021_1,BAC_05Jun2021_1_IND24,1,"beadlike antennae, elytra. hairs on body",Coleoptera,Order,III,B9,,Arthropoda,Insecta,Coleoptera,,,
Outdoor,GC,GCBAC_ST_05Jun2021,BAC_ST_05Jun2021_2,BAC_05Jun2021_2_IND01,1,"elytra, shape -- Carabidae? darkling beetle?",Coleoptera,Order,III,B10,,Arthropoda,Insecta,Coleoptera,,,
Outdoor,GC,GCBAC_ST_05Jun2021,BAC_ST_05Jun2021_2,BAC_05Jun2021_2_IND02,1,"X shape wing pattern, head and eye shape",Hemiptera,Order,III,C1,,Arthropoda,Insecta,Hemiptera,,,
Outdoor,GC,GCBAC_ST_05Jun2021,BAC_ST_05Jun2021_2,BAC_05Jun2021_2_IND03,1,"head and body shape, wide set small eyes, X wing pattern",Hemiptera,Order,III,C2,,Arthropoda,Insecta,Hemiptera,,,
Outdoor,GC,GCBAC_ST_05Jun2021,BAC_ST_05Jun2021_2,BAC_05Jun2021_2_IND04,1,"elytra, shape -- Carabidae? darkling beetle?",Coleoptera,Order,III,C3,,Arthropoda,Insecta,Coleoptera,,,
Outdoor,GC,GCBAC_ST_05Jun2021,BAC_ST_05Jun2021_2,BAC_05Jun2021_2_IND05,1,"elytra, shape -- Carabidae? darkling beetle?",Coleoptera,Order,III,C4,,Arthropoda,Insecta,Coleoptera,,,
Outdoor,GC,GCBAC_ST_05Jun2021,BAC_ST_05Jun2021_2,BAC_05Jun2021_2_IND06,1,"elytra, shape -- Carabidae? darkling beetle?",Coleoptera,Order,III,C5,,Arthropoda,Insecta,Coleoptera,,,
Outdoor,GC,GCBAC_ST_05Jun2021,BAC_ST_05Jun2021_2,BAC_05Jun2021_2_IND07,1,"cerci, shape -- order Dermaptera",Forficulidae,Family,III,C6,,Arthropoda,Insecta,Dermaptera,Forficulidae,,
Outdoor,GC,GCBAC_ST_05Jun2021,BAC_ST_05Jun2021_2,BAC_05Jun2021_2_IND08,1,"shape of body and head, top of abdomen missing but small part of wings appears to have the X shape of Hemiptera",Hemiptera,Order,III,C7,,Arthropoda,Insecta,Hemiptera,,,
Outdoor,GC,GCBAC_ST_05Jun2021,BAC_ST_05Jun2021_2,BAC_05Jun2021_2_IND09,19,"segments of body, leg number",Armadillidium vulgare,Species,sc,sc,,Arthropoda,Malacostraca,Isopoda,Armadillidiidae,Armadillidium,Armadillidium vulgare
Outdoor,GC,GCBAC_ST_05Jun2021,BAC_ST_05Jun2021_2,BAC_05Jun2021_2_IND10,1,"elytra, hairy body",Coleoptera,Order,III,C8,,Arthropoda,Insecta,Coleoptera,,,
Outdoor,GC,GCBAC_ST_05Jun2021,BAC_ST_05Jun2021_2,BAC_05Jun2021_2_IND11,1,"head shape, mouthparts",Formicidae,Family,III,C9,,Arthropoda,Insecta,Hymenoptera,Formicidae,,
Outdoor,GC,GCBAC_ST_05Jun2021,BAC_ST_05Jun2021_2,BAC_05Jun2021_2_IND12,1,partial individual (indeterminate bits?),Insecta,Class,III,C10,,Arthropoda,Insecta,,,,
Outdoor,GC,GCBAC_ST_05Jun2021,BAC_ST_05Jun2021_2,BAC_05Jun2021_2_IND13,1,"head shape, mouthparts",Formicidae,Family,III,D1,,Arthropoda,Insecta,Hymenoptera,Formicidae,,
Outdoor,GC,GCBAC_ST_05Jun2021,BAC_ST_05Jun2021_3,BAC_05Jun2021_3_IND01,1,"segments of body, leg number",Armadillidium vulgare,Species,III,D2,,Arthropoda,Malacostraca,Isopoda,Armadillidiidae,Armadillidium,Armadillidium vulgare
Outdoor,GC,GCBAC_ST_05Jun2021,BAC_ST_05Jun2021_3,BAC_05Jun2021_3_IND02,1,"veined wings in a shape similar to cicadas, small -- ~.5cm",Hemiptera,Order,III,D3,,Arthropoda,Insecta,Hemiptera,,,
Outdoor,GC,GCBAC_ST_05Jun2021,BAC_ST_05Jun2021_3,BAC_05Jun2021_3_IND03,1,"pedipalps(?), hairy body, multiple eyes",Araneae,Order,III,D4,,Arthropoda,Euchelicerata,Araneae,,,
Outdoor,GC,GCBAC_ST_05Jun2021,BAC_ST_05Jun2021_3,BAC_05Jun2021_3_IND04,1,"segments of body, leg number",Armadillidium vulgare,Species,III,D5,,Arthropoda,Malacostraca,Isopoda,Armadillidiidae,Armadillidium,Armadillidium vulgare
Outdoor,GC,GCBAC_ST_05Jun2021,BAC_ST_05Jun2021_3,BAC_05Jun2021_3_IND05,1,"small wide set eyes, X wing shape, abdomen appears crumpled",Hemiptera,Order,III,D6,,Arthropoda,Insecta,Hemiptera,,,
Outdoor,GC,GCBAC_ST_05Jun2021,BAC_ST_05Jun2021_3,BAC_05Jun2021_3_IND06,1,"long (sucking?) mouthparts, wide set eyes and body shape, wing shape",Hemiptera,Order,III,D7,,Arthropoda,Insecta,Hemiptera,,,
Outdoor,GC,GCBAC_ST_05Jun2021,BAC_ST_05Jun2021_3,BAC_05Jun2021_3_IND07,1,"long sucking mouthparts, eye/head shape, body and wing shape",Hemiptera,Order,III,D8,,Arthropoda,Insecta,Hemiptera,,,
Outdoor,GC,GCBAC_ST_05Jun2021,BAC_ST_05Jun2021_3,BAC_05Jun2021_3_IND08,1,"legs, crumpled seeming body?",Insecta,Class,III,D9,,Arthropoda,Insecta,,,,
Outdoor,GC,GCBAC_ST_05Jun2021,BAC_ST_05Jun2021_3,BAC_05Jun2021_3_IND09,1,"wide set, small eyes; abdomen appears flat and crumpled; generally Hemiptera shaped?",Hemiptera,Order,III,D10,,Arthropoda,Insecta,Hemiptera,,,
Outdoor,GC,GCBAC_ST_05Jun2021,BAC_ST_05Jun2021_3,BAC_05Jun2021_3_IND10,1,"segments of body, leg number",Armadillidium vulgare,Species,III,E1,,Arthropoda,Malacostraca,Isopoda,Armadillidiidae,Armadillidium,Armadillidium vulgare
Outdoor,GC,GCBAC_ST_05Jun2021,BAC_ST_05Jun2021_3,BAC_05Jun2021_3_IND11,1,"segments of body, leg number",Armadillidium vulgare,Species,III,E2,,Arthropoda,Malacostraca,Isopoda,Armadillidiidae,Armadillidium,Armadillidium vulgare
Outdoor,GC,GCBAC_ST_05Jun2021,BAC_ST_05Jun2021_3,BAC_05Jun2021_3_IND12,1,"segments of body, leg number",Armadillidium vulgare,Species,III,E3,,Arthropoda,Malacostraca,Isopoda,Armadillidiidae,Armadillidium,Armadillidium vulgare
Outdoor,GC,GCBAC_ST_05Jun2021,BAC_ST_05Jun2021_3,BAC_05Jun2021_3_IND13,1,"segments of body, leg number",Armadillidium vulgare,Species,III,E4,,Arthropoda,Malacostraca,Isopoda,Armadillidiidae,Armadillidium,Armadillidium vulgare
Outdoor,GC,GCBAC_ST_05Jun2021,BAC_ST_05Jun2021_3,BAC_05Jun2021_3_IND14,1,"segments of body, leg number",Armadillidium vulgare,Species,III,E5,,Arthropoda,Malacostraca,Isopoda,Armadillidiidae,Armadillidium,Armadillidium vulgare
Outdoor,GC,GCBAC_ST_05Jun2021,BAC_ST_05Jun2021_3,BAC_05Jun2021_3_IND15,1,"segments of body, leg number",Armadillidium vulgare,Species,III,E6,,Arthropoda,Malacostraca,Isopoda,Armadillidiidae,Armadillidium,Armadillidium vulgare
Outdoor,GC,GCBAC_ST_05Jun2021,BAC_ST_05Jun2021_3,BAC_05Jun2021_3_IND16,1,"long sucking mouthparts, eye/head shape, body and wing shape",Hemiptera,Order,III,E7,,Arthropoda,Insecta,Hemiptera,,,
Outdoor,GC,GCBAC_ST_05Jun2021,BAC_ST_05Jun2021_3,BAC_05Jun2021_3_IND17,1,"segments of body, leg number",Armadillidium vulgare,Species,III,E8,,Arthropoda,Malacostraca,Isopoda,Armadillidiidae,Armadillidium,Armadillidium vulgare
Outdoor,GC,GCBAC_ST_05Jun2021,BAC_ST_05Jun2021_4,BAC_05Jun2021_4_IND01,1,"segments of body, leg number",Armadillidium vulgare,Species,III,E9,,Arthropoda,Malacostraca,Isopoda,Armadillidiidae,Armadillidium,Armadillidium vulgare
Outdoor,GC,GCBAC_ST_05Jun2021,BAC_ST_05Jun2021_4,BAC_05Jun2021_4_IND02,1,"wide set, small eyes; abdomen appears flat and crumpled; generally Hemiptera shaped?",Hemiptera,Order,III,E10,,Arthropoda,Insecta,Hemiptera,,,
Outdoor,GC,GCBAC_ST_05Jun2021,BAC_ST_05Jun2021_4,BAC_05Jun2021_4_IND03,1,"multiple eyes and placement of eyes, hairy body",Araneae,Order,III,F1,,Arthropoda,Euchelicerata,Araneae,,,
Outdoor,GC,GCBAC_ST_05Jun2021,BAC_ST_05Jun2021_4,BAC_05Jun2021_4_IND04,1,"wide set, small eyes; abdomen appears flat and crumpled; generally Hemiptera shaped?",Insecta,Class,III,F2,,Arthropoda,Insecta,,,,
Outdoor,GC,GCBAC_ST_05Jun2021,BAC_ST_05Jun2021_4,BAC_05Jun2021_4_IND05,1,partial individual (small pieces) -- part may be Hemiptera abdomen?,Insecta,Class,III,F3,,Arthropoda,Insecta,,,,
Outdoor,GC,GCBAC_ST_05Jun2021,BAC_ST_05Jun2021_4,BAC_05Jun2021_4_IND06,1,"elytra, shape -- Carabidae? darkling beetle?",Coleoptera,Order,III,F4,,Arthropoda,Insecta,Coleoptera,,,
Outdoor,GC,GCBAC_ST_05Jun2021,BAC_ST_05Jun2021_4,BAC_05Jun2021_4_IND07,1,"X wing shape, body shape, head shape. green and red lines",Hemiptera,Order,III,F5,,Arthropoda,Insecta,Hemiptera,,,
Outdoor,GC,GCBAC_ST_05Jun2021,BAC_ST_05Jun2021_4,BAC_05Jun2021_4_IND08,1,"X wing shape, body shape, head shape. green and red lines",Hemiptera,Order,III,F6,,Arthropoda,Insecta,Hemiptera,,,
Outdoor,GC,GCBAC_ST_05Jun2021,BAC_ST_05Jun2021_4,BAC_05Jun2021_4_IND09,1,"X wing shape, body shape, head shape. green and red lines",Hemiptera,Order,III,F7,,Arthropoda,Insecta,Hemiptera,,,
Building,GC,GCBH_ST_05Jun2021,BH_ST_05Jun2021_1,BH_05Jun2021_1_IND01,1,"elytra, head shape. striped-type pattern on elytra made up of spots",Coleoptera,Order,IV,D1,,Arthropoda,Insecta,Coleoptera,,,
Building,GC,GCBH_ST_05Jun2021,BH_ST_05Jun2021_1,BH_05Jun2021_1_IND02,1,"elytra, shape -- Carabidae? darkling beetle?",Coleoptera,Order,IV,D2,,Arthropoda,Insecta,Coleoptera,,,
Building,GC,GCBH_ST_05Jun2021,BH_ST_05Jun2021_1,BH_05Jun2021_1_IND03,1,leg shape and pattern,Orthoptera,Order,IV,D3,,Arthropoda,Insecta,Orthoptera,,,
Building,GC,GCBH_ST_05Jun2021,BH_ST_05Jun2021_1,BH_05Jun2021_1_IND04,1,"humped back, spined legs -- order Orthoptera, camel cricket",Rhaphidophoridae,Family,IV,D4,,Arthropoda,Insecta,Orthoptera,Rhaphidophoridae,,
Building,GC,GCBH_ST_05Jun2021,BH_ST_05Jun2021_1,BH_05Jun2021_1_IND05,1,"humped back, spined legs, ""short, knifelike ovipositor"" -- order Orthoptera, camel cricket",Rhaphidophoridae,Family,IV,D5,,Arthropoda,Insecta,Orthoptera,Rhaphidophoridae,,
Building,GC,GCBH_ST_05Jun2021,BH_ST_05Jun2021_2,BH_05Jun2021_2_IND01,1,"humped back, spined legs -- order Orthoptera, camel cricket",Rhaphidophoridae,Family,IV,D6,,Arthropoda,Insecta,Orthoptera,Rhaphidophoridae,,
Building,GC,GCBH_ST_05Jun2021,BH_ST_05Jun2021_2,BH_05Jun2021_2_IND02,1,"humped back, spined legs -- order Orthoptera, camel cricket",Rhaphidophoridae,Family,IV,D7,,Arthropoda,Insecta,Orthoptera,Rhaphidophoridae,,
Building,GC,GCBH_ST_05Jun2021,BH_ST_05Jun2021_2,BH_05Jun2021_2_IND03,1,"humped back, spined legs -- order Orthoptera, camel cricket",Rhaphidophoridae,Family,IV,D8,,Arthropoda,Insecta,Orthoptera,Rhaphidophoridae,,
Building,GC,GCBH_ST_05Jun2021,BH_ST_05Jun2021_2,BH_05Jun2021_2_IND04,1,"humped back, spined legs -- order Orthoptera, camel cricket",Rhaphidophoridae,Family,IV,D9,,Arthropoda,Insecta,Orthoptera,Rhaphidophoridae,,
Building,GC,GCBH_ST_05Jun2021,BH_ST_05Jun2021_2,BH_05Jun2021_2_IND05,1,"humped back, spined legs -- order Orthoptera, camel cricket",Rhaphidophoridae,Family,pin,pin,,Arthropoda,Insecta,Orthoptera,Rhaphidophoridae,,
Building,GC,GCBH_ST_05Jun2021,BH_ST_05Jun2021_4,BH_05Jun2021_4_IND01,1,"elytra, shape -- Carabidae? darkling beetle?",Coleoptera,Order,IV,D10,,Arthropoda,Insecta,Coleoptera,,,
Building,GC,GCBH_ST_05Jun2021,BH_ST_05Jun2021_4,BH_05Jun2021_4_IND02,1,"elytra, bead-like antennae, lines of dots on elytra",Coleoptera,Order,IV,E1,,Arthropoda,Insecta,Orthoptera,,,
Building,GC,GCBH_ST_05Jun2021,BH_ST_05Jun2021_4,BH_05Jun2021_4_IND03,1,leg shape and pattern (partial individual),Orthoptera,Order,IV,E2,,Arthropoda,Insecta,Orthoptera,,,
Building,GC,GCBH_ST_05Jun2021,BH_ST_05Jun2021_4,BH_05Jun2021_4_IND04,1,"head shape (partial individual, head only)",Orthoptera,Order,IV,E3,,Arthropoda,Insecta,Orthoptera,,,
Building,GC,GCBH_ST_05Jun2021,BH_ST_05Jun2021_4,BH_05Jun2021_4_IND05,1,"8 legs, two lines of bumps along body",Arachnida,Class,IV,E4,,Arthropoda,Euchelicerata,,,,
Building,GC,GCJH_ST_05Dec2021,GCJH_ST_05Dec2021_1,GCJH_05Dec2021_1_IND01,1,"hair on body and legs, no head present?",Insecta,Class,V,C4,,Arthropoda,Insecta,,,,
Building,GC,GCJH_ST_05Dec2021,GCJH_ST_05Dec2021_1,GCJH_05Dec2021_1_IND02,1,"shape of legs, body, and head; pattern of abdomen and white squiggle on wings",Leptoglossus clypealis,Species,V,C5,,Arthropoda,Insecta,Hemiptera,Coreidae,Leptoglossus,Leptoglossus clypealis
Outdoor,Zion,OC_ST_01Dec2021,OC_ST_01Dec2021_1,OC_01Dec2021_1_IND01,1,"waist similar in shape to Hymenoptera, possibly an ant?",Insecta,Class,V,H3,,Arthropoda,Insecta,,,,
Outdoor,Zion,OC_ST_01Dec2021,OC_ST_01Dec2021_1,OC_01Dec2021_1_IND02,193,"head shape, mouthparts",Formicidae,Family,sc,sc,,Arthropoda,Insecta,Hymenoptera,Formicidae,,
Outdoor,Zion,OC_ST_01Dec2021,OC_ST_01Dec2021_2,OC_01Dec2021_2_IND01,1,partial individual (no head),Insecta,Class,V,H4,,Arthropoda,Insecta,,,,
Outdoor,Zion,OC_ST_01Dec2021,OC_ST_01Dec2021_2,OC_01Dec2021_2_IND02,1,"head shape, shield-like thorax similar to Blattodea; layered plates on abdomen",Insecta,Class,V,H5,,Arthropoda,Insecta,,,,
Outdoor,Zion,OC_ST_01Dec2021,OC_ST_01Dec2021_2,OC_01Dec2021_2_IND03,1,"large eyes, sucking(?) mouthpart, one pair of veined wings, hairs on legs",Diptera,Order,V,H6,,Arthropoda,Insecta,Diptera,,,
Outdoor,Zion,OC_ST_01Dec2021,OC_ST_01Dec2021_2,OC_01Dec2021_2_IND04,1,"hook on thorax, elytra",Coleoptera,Order,V,H7,"THESE GUYS, thorax attached to abdomen",Arthropoda,Insecta,Coleoptera,,,
Outdoor,Zion,OC_ST_01Dec2021,OC_ST_01Dec2021_2,OC_01Dec2021_2_IND05,1,"veined wings, large eyes -- Diptera?",Insecta,Class,V,H8,,Arthropoda,Insecta,,,,
Outdoor,Zion,OC_ST_01Dec2021,OC_ST_01Dec2021_2,OC_01Dec2021_2_IND06,14,"head shape, eye placement",Formicidae,Family,V,H9,,Arthropoda,Insecta,Hymenoptera,Formicidae,,
Outdoor,Zion,OC_ST_01Dec2021,OC_ST_01Dec2021_3,OC_01Dec2021_3_IND01,1,"partial individual (head only), large eyes, sucking mouthpart",Diptera,Order,V,H10,,Arthropoda,Insecta,Diptera,,,
Outdoor,Zion,OC_ST_01Dec2021,OC_ST_01Dec2021_3,OC_01Dec2021_3_IND02,1,"mouthparts, head and eye shape, pattern on abdomen -- western yellowjacket",Vespula pensylvanica,Species,V,I1,,Arthropoda,Insecta,Hymenoptera,Vespidae,Vespula,Vespula pensylvanica
Outdoor,Zion,OC_ST_01Dec2021,OC_ST_01Dec2021_3,OC_01Dec2021_3_IND03,1,"partial individual; veined wings, compound eyes",Insecta,Class,V,I2,,Arthropoda,Insecta,,,,
Outdoor,Zion,OC_ST_01Dec2021,OC_ST_01Dec2021_3,OC_01Dec2021_3_IND04,14,"head shape, mouthparts",Formicidae,Family,V,I3,,Arthropoda,Insecta,Hymenoptera,Formicidae,,
Outdoor,Zion,OC_ST_01Dec2021,OC_ST_01Dec2021_4,OC_01Dec2021_4_IND01,193,"head shape, mouthparts",Formicidae,Family,sc,sc,,Arthropoda,Insecta,Hymenoptera,Formicidae,,
Outdoor,Zion,OC_ST_01Dec2021,OC_ST_01Dec2021_4,OC_01Dec2021_4_IND02,1,"head shape, compound eyes, hairs on body and legs",Diptera,Order,V,I4,,Arthropoda,Insecta,Diptera,,,
Outdoor,Zion,OC_ST_01Dec2021,OC_ST_01Dec2021_4,OC_01Dec2021_4_IND03,1,"hair on legs, large eyes, veined wings, wing/body shape similar to leafhopper",Insecta,Class,V,I5,,Arthropoda,Insecta,,,,
Outdoor,Zion,OC_ST_01Dec2021,OC_ST_01Dec2021_4,OC_01Dec2021_4_IND04,1,"head shape, mouthparts",Formicidae,Family,V,I6,,Arthropoda,Insecta,Hymenoptera,Formicidae,,
Building,Zion,ZL1_ST_11Nov2021,ZL1_ST_11Nov2021_2,ZL1_11Nov2021_2_IND01,1,partial individual. compound eyes,Insecta,Class,VI,C10,,Arthropoda,Insecta,,,,
Building,Zion,ZL1_ST_11Nov2021,ZL1_ST_11Nov2021_3,ZL1_11Nov2021_3_IND01,1,"head shape, mouthparts",Formicidae,Family,VI,D1,,Arthropoda,Insecta,Hymenoptera,Formicidae,,
Building,Zion,ZL9_ST_11Nov2021,ZL9_ST_11Nov2021_1,ZL9_11Nov2021_1_IND01,1,"layered plating across back, small cerci, general head/mouth shape consistent w roaches, but spines on legs small",Blattodea,Order,VI,D2,,Arthropoda,Insecta,Blattodea,,,
Building,Zion,ZL9_ST_11Nov2021,ZL9_ST_11Nov2021_1,ZL9_11Nov2021_1_IND02,1,"layered plating across back, small cerci, general head/mouth shape consistent w roaches",Blattodea,Order,VI,D3,,Arthropoda,Insecta,Blattodea,,,
Building,Zion,ZL9_ST_11Nov2021,ZL9_ST_11Nov2021_1,ZL9_11Nov2021_1_IND03,1,"layered plating across back, small cerci, general head/mouth shape consistent w roaches",Blattodea,Order,VI,D4,,Arthropoda,Insecta,Blattodea,,,
Building,Zion,ZL9_ST_11Nov2021,ZL9_ST_11Nov2021_1,ZL9_11Nov2021_1_IND04,1,"layered plating across back, general head/mouth shape consistent w roaches",Blattodea,Order,VI,D5,,Arthropoda,Insecta,Blattodea,,,
Building,Zion,ZL9_ST_11Nov2021,ZL9_ST_11Nov2021_1,ZL9_11Nov2021_1_IND05,1,"layered plating across back, general head/mouth shape consistent w roaches",Blattodea,Order,VI,D6,,Arthropoda,Insecta,Blattodea,,,
Building,Zion,ZL9_ST_11Nov2021,ZL9_ST_11Nov2021_1,ZL9_11Nov2021_1_IND06,1,"partial individual, layered plating across back, german roach-like shape of end of abdomen",Insecta,Class,VI,D7,,Arthropoda,Insecta,,,,
Building,Zion,ZL9_ST_11Nov2021,ZL9_ST_11Nov2021_1,ZL9_11Nov2021_1_IND07,1,"spiky legs, layered plating",Blattodea,Order,VI,D8,,Arthropoda,Insecta,Blattodea,,,
Building,Zion,ZL9_ST_11Nov2021,ZL9_ST_11Nov2021_1,ZL9_11Nov2021_1_IND08,1,"short cerci, layered plating, thorax shield",Blattodea,Order,VI,D9,,Arthropoda,Insecta,Blattodea,,,
Building,Zion,ZL9_ST_11Nov2021,ZL9_ST_11Nov2021_2,ZL9_11Nov2021_2_IND01,1,"head shape, mouthparts",Formicidae,Family,VI,D10,,Arthropoda,Insecta,Hymenoptera,Formicidae,,
Building,Zion,ZL9_ST_11Nov2021,ZL9_ST_11Nov2021_2,ZL9_11Nov2021_2_IND02,1,hard and bumpy,,,VI,E1,,,,,,,
Building,Zion,ZL9_ST_11Nov2021,ZL9_ST_11Nov2021_2,ZL9_11Nov2021_2_IND03,1,hard and bumpy,,,VI,E2,,,,,,,
Building,Zion,ZL9_ST_11Nov2021,ZL9_ST_11Nov2021_3,ZL9_11Nov2021_3_IND01,1,layered plating,Insecta,Class,VI,E3,,Arthropoda,Insecta,,,,
Building,Zion,ZL9_ST_11Nov2021,ZL9_ST_11Nov2021_3,ZL9_11Nov2021_3_IND02,1,"head shape, mouthparts",Formicidae,Family,VI,E4,,Arthropoda,Insecta,Hymenoptera,Formicidae,,
Building,Zion,ZL9_ST_11Nov2021,ZL9_ST_11Nov2021_3,ZL9_11Nov2021_3_IND03,1,hairs on abdomen. partial individual (no head or legs),Insecta,Class,VI,E5,,Arthropoda,Insecta,,,,
Building,Zion,ZL9_ST_11Nov2021,ZL9_ST_11Nov2021_3,ZL9_11Nov2021_3_IND04,1,"head shape, mouthparts",Formicidae,Family,VI,E6,,Arthropoda,Insecta,Hymenoptera,Formicidae,,
Building,Zion,ZL9_ST_11Nov2021,ZL9_ST_11Nov2021_3,ZL9_11Nov2021_3_IND05,1,"dark spots on lighter body? partial individual, no head or legs",Insecta,Class,VI,E7,,Arthropoda,Insecta,,,,
Building,Zion,ZL9_ST_11Nov2021,ZL9_ST_11Nov2021_3,ZL9_11Nov2021_3_IND06,1,"large compound eyes, difficult to see mouthparts",Insecta,Class,VI,E8,,Arthropoda,Insecta,,,,
Building,Zion,ZL9_ST_11Nov2021,ZL9_ST_11Nov2021_3,ZL9_11Nov2021_3_IND07,1,long abdomen,Araneae,Order,VI,E9,,Arthropoda,Euchelicerata,Araneae,,,
Building,Zion,ZL9_ST_11Nov2021,ZL9_ST_11Nov2021_4,ZL9_11Nov2021_4_IND01,1,"partial individual, layered plating across back, german roach-like shape of end of abdomen",Insecta,Class,VI,E10,,Arthropoda,Insecta,,,,
Building,Zion,ZL9_ST_11Nov2021,ZL9_ST_11Nov2021_4,ZL9_11Nov2021_4_IND02,1,"spiky legs, layered plating",Blattodea,Order,VI,F1,,Arthropoda,Insecta,Blattodea,,,
Building,Zion,ZL9_ST_11Nov2021,ZL9_ST_11Nov2021_4,ZL9_11Nov2021_4_IND03,1,"head shape, mouthparts",Formicidae,Family,VI,F2,,Arthropoda,Insecta,Hymenoptera,Formicidae,,
Building,Zion,ZL9_ST_11Nov2021,ZL9_ST_11Nov2021_4,ZL9_11Nov2021_4_IND04,1,"partial individual (legs only), spiky legs",Blattodea,Order,VI,F3,,Arthropoda,Insecta,Blattodea,,,
Building,Zion,ZL9_ST_11Nov2021,ZL9_ST_11Nov2021_4,ZL9_11Nov2021_4_IND05,1,"partial individual (legs and a piece of body), spiky legs and translucent body pieces",Blattodea,Order,VI,F4,,Arthropoda,Insecta,Blattodea,,,
Building,Zion,ZL9_ST_11Nov2021,ZL9_ST_11Nov2021_4,ZL9_11Nov2021_4_IND06,1,"partial individual (legs and body piece), spiky legs, dark translucent veined wings",Blattodea,Order,VI,F5,,Arthropoda,Insecta,Blattodea,,,
Outdoor,Zion,DZ_ST_15Dec2021,DZ_ST_15Dec2021_1,DZ_15Dec2021_1_IND01,1,partial individual (part of body),Insecta,Class,VI,G5,,Arthropoda,Insecta,,,,
Outdoor,Zion,DZ_ST_15Dec2021,DZ_ST_15Dec2021_1,DZ_15Dec2021_1_IND02,1,"partial individual (part of head), large eyes -- Diptera, possibly?",Insecta,Class,VI,G6,,Arthropoda,Insecta,,,,
Outdoor,Zion,DZ_ST_15Dec2021,DZ_ST_15Dec2021_1,DZ_15Dec2021_1_IND03,1,partial individual (some legs),Insecta,Class,VI,G7,,Arthropoda,Insecta,,,,
Outdoor,Zion,DZ_ST_15Dec2021,DZ_ST_15Dec2021_1,DZ_15Dec2021_1_IND04,1,elytra,Coleoptera,Order,VI,G8,,Arthropoda,Insecta,Coleoptera,,,
Outdoor,Zion,DZ_ST_15Dec2021,DZ_ST_15Dec2021_1,DZ_15Dec2021_1_IND05,1,"head shape, mouthparts",Formicidae,Family,VI,G8,,Arthropoda,Insecta,Hymenoptera,Formicidae,,
Outdoor,Zion,DZ_ST_15Dec2021,DZ_ST_15Dec2021_2,DZ_15Dec2021_2_IND01,1,"compound eyes, very small (half a mm? smaller? idk)",Insecta,Class,VI,G9,,Arthropoda,Insecta,,,,
Outdoor,Zion,DZ_ST_15Dec2021,DZ_ST_15Dec2021_2,DZ_15Dec2021_2_IND02,1,"large eyes for head size, hairy body, wing type -- this is a moth",Lepidoptera,Order,VI,G10,,Arthropoda,Insecta,Lepidoptera,,,
Outdoor,Zion,DZ_ST_15Dec2021,DZ_ST_15Dec2021_2,DZ_15Dec2021_2_IND03,6,"Dermaptera -- wing shape, body shape, cerci",Forficulidae,Family,VI,H1,,Arthropoda,Insecta,Dermaptera,Forficulidae,,
Outdoor,Zion,DZ_ST_15Dec2021,DZ_ST_15Dec2021_3,DZ_15Dec2021_3_IND01,1,partial individual -- only a piece of antenna and piece of leg(?),Insecta,Class,VI,H2,,Arthropoda,Insecta,,,,
Outdoor,Zion,DZ_ST_15Dec2021,DZ_ST_15Dec2021_3,DZ_15Dec2021_3_IND02,1,"layered plates on abdomen, small",Insecta,Class,VI,H3,,Arthropoda,Insecta,,,,
Outdoor,Zion,DZ_ST_15Dec2021,DZ_ST_15Dec2021_3,DZ_15Dec2021_3_IND03,1,"Dermaptera -- wing shape, body shape, cerci",Forficulidae,Family,VI,H4,,Arthropoda,Insecta,Dermaptera,Forficulidae,,
Outdoor,Zion,DZ_ST_15Dec2021,DZ_ST_15Dec2021_3,DZ_15Dec2021_3_IND04,1,"Dermaptera -- wing shape, body shape, cerci",Forficulidae,Family,VI,H5,,Arthropoda,Insecta,Dermaptera,Forficulidae,,
Outdoor,Zion,DZ_ST_15Dec2021,DZ_ST_15Dec2021_3,DZ_15Dec2021_3_IND05,1,"Dermaptera -- wing shape, body shape, cerci",Forficulidae,Family,VI,H6,,Arthropoda,Insecta,Dermaptera,Forficulidae,,
Outdoor,Zion,DZ_ST_15Dec2021,DZ_ST_15Dec2021_3,DZ_15Dec2021_3_IND06,1,"Dermaptera -- wing shape, body shape, cerci",Forficulidae,Family,VI,H7,,Arthropoda,Insecta,Dermaptera,Forficulidae,,
Outdoor,Zion,DZ_ST_15Dec2021,DZ_ST_15Dec2021_4,DZ_15Dec2021_4_IND01,1,"head shape, mouthparts",Formicidae,Family,VI,H8,,Arthropoda,Insecta,Hymenoptera,Formicidae,,
Outdoor,Zion,DZ_ST_15Dec2021,DZ_ST_15Dec2021_4,DZ_15Dec2021_4_IND02,1,"Dermaptera -- wing shape, body shape, cerci",Forficulidae,Family,VI,H9,,Arthropoda,Insecta,Dermaptera,Forficulidae,,
Outdoor,Zion,DZ_ST_15Dec2021,DZ_ST_15Dec2021_4,DZ_15Dec2021_4_IND03,1,"Dermaptera -- wing shape, body shape, cerci",Forficulidae,Family,VI,H10,,Arthropoda,Insecta,Dermaptera,Forficulidae,,
Outdoor,Zion,DZ_ST_15Dec2021,DZ_ST_15Dec2021_4,DZ_15Dec2021_4_IND04,1,"Dermaptera -- wing shape, body shape, cerci",Forficulidae,Family,VI,I1,,Arthropoda,Insecta,Dermaptera,Forficulidae,,
Outdoor,Zion,DZ_ST_15Dec2021,DZ_ST_15Dec2021_4,DZ_15Dec2021_4_IND05,1,"Dermaptera -- wing shape, body shape, cerci",Forficulidae,Family,VI,I2,,Arthropoda,Insecta,Dermaptera,Forficulidae,,
Outdoor,Zion,DZ_ST_15Dec2021,DZ_ST_15Dec2021_4,DZ_15Dec2021_4_IND06,1,"Dermaptera -- wing shape, body shape, cerci",Forficulidae,Family,VI,I3,,Arthropoda,Insecta,Dermaptera,Forficulidae,,
Outdoor,GC,GCNRM_ST_02Dec2021,GCNRM_ST_02Dec2021_1,GCNRM_02Dec2021_1_IND01,1,hard body?,Insecta,Class,VI,I4,look into genus exema?,Arthropoda,Insecta,,,,
Outdoor,GC,GCNRM_ST_02Dec2021,GCNRM_ST_02Dec2021_1,GCNRM_02Dec2021_1_IND02,1,"big round eyes (compared to head shape), smaill (~.1 cm long)",Insecta,Class,VI,I5,,Arthropoda,Insecta,,,,
Outdoor,GC,GCNRM_ST_02Dec2021,GCNRM_ST_02Dec2021_1,GCNRM_02Dec2021_1_IND03,1,"partial individual (legs only), leg color/pattern and shape/size -- wasp or yellowjacket of some kind",Hymenoptera,Order,VI,I6,,Arthropoda,Insecta,Hymenoptera,,,
Outdoor,GC,GCNRM_ST_02Dec2021,GCNRM_ST_02Dec2021_2,GCNRM_02Dec2021_2_IND01,1,"partial individual (very broken up), hairy body -- Diptera, possibly?",Insecta,Class,VI,I7,,Arthropoda,Insecta,,,,
Outdoor,GC,GCNRM_ST_02Dec2021,GCNRM_ST_02Dec2021_2,GCNRM_02Dec2021_2_IND02,1,"very small, sort of spiky/textured abdomen",Insecta,Class,VI,I8,,Arthropoda,Insecta,,,,
Outdoor,GC,GCNRM_ST_02Dec2021,GCNRM_ST_02Dec2021_2,GCNRM_02Dec2021_2_IND03,1,"chewing mouthparts, head shape, large eyes",Formicidae,Family,VI,I9,,Arthropoda,Insecta,Hymenoptera,Formicidae,,
Outdoor,GC,GCNRM_ST_02Dec2021,GCNRM_ST_02Dec2021_2,GCNRM_02Dec2021_2_IND04,1,"partial individual (legs and body pieces), abdomen(?) is round and comes to a point",Insecta,Class,VI,I10,,Arthropoda,Insecta,,,,
Outdoor,GC,GCNRM_ST_02Dec2021,GCNRM_ST_02Dec2021_3,GCNRM_02Dec2021_3_IND01,1,"partial individual (small pieces), hairy body",Insecta,Class,VI,J1,,Arthropoda,Insecta,,,,
Outdoor,GC,GCNRM_ST_02Dec2021,GCNRM_ST_02Dec2021_3,GCNRM_02Dec2021_3_IND02,1,"partial individual (small pieces of abdomen), abdomen made up of layered parts -- shaped similar to polistes pieces",Insecta,Class,VI,J2,,Arthropoda,Insecta,,,,
Outdoor,GC,GCNRM_ST_02Dec2021,GCNRM_ST_02Dec2021_3,GCNRM_02Dec2021_3_IND03,1,"large compound eyes, fly head and mouth shape",Diptera,Order,VI,J3,,Arthropoda,Insecta,Diptera,,,
Outdoor,GC,GCNRM_ST_02Dec2021,GCNRM_ST_02Dec2021_3,GCNRM_02Dec2021_3_IND04,1,"partial individual. long, thin abdomen, veined wings?",Insecta,Class,VI,J4,,Arthropoda,Insecta,,,,
Outdoor,GC,GCNRM_ST_02Dec2021,GCNRM_ST_02Dec2021_3,GCNRM_02Dec2021_3_IND05,1,partial individual (2 little bits),Insecta,Class,VI,J5,,Arthropoda,Insecta,,,,
Outdoor,GC,GCNRM_ST_02Dec2021,GCNRM_ST_02Dec2021_3,GCNRM_02Dec2021_3_IND06,1,partial individual (small pieces),Insecta,Class,VI,J6,,Arthropoda,Insecta,,,,
Outdoor,GC,GCNRM_ST_02Dec2021,GCNRM_ST_02Dec2021_3,GCNRM_02Dec2021_3_IND07,1,"partial individual (head and another part), round eyes pop out a bit from the head, chewing mouthparts",Insecta,Class,VI,J7,,Arthropoda,Insecta,,,,
Outdoor,GC,GCNRM_ST_02Dec2021,GCNRM_ST_02Dec2021_3,GCNRM_02Dec2021_3_IND08,1,"partial individual (abdomen), crumpled looking shape, hard",Insecta,Class,VI,J8,,Arthropoda,Insecta,,,,
Outdoor,GC,GCBAC_ST_05Dec2021,GCBAC_ST_05Dec2021_1,GCBAC_05Dec2021_1_IND01,1,"hairy legs, veined wings?, head missing",Insecta,Class,VI,J9,,Arthropoda,Insecta,,,,
Outdoor,GC,GCBAC_ST_05Dec2021,GCBAC_ST_05Dec2021_1,GCBAC_05Dec2021_1_IND02,1,"segmented abdomen, head missing(?), similar to GCBAC_05Dec2021_1_IND01",Insecta,Class,VI,J10,,Arthropoda,Insecta,,,,
Outdoor,GC,GCBAC_ST_05Dec2021,GCBAC_ST_05Dec2021_1,GCBAC_05Dec2021_1_IND03,1,"bug head shape, eye placement, and body shape (of what's there); antennae -- seed bug?",Hemiptera,Order,VII,A1,,Arthropoda,Insecta,Hemiptera,,,
Outdoor,GC,GCBAC_ST_05Dec2021,GCBAC_ST_05Dec2021_1,GCBAC_05Dec2021_1_IND04,1,"partial individual (head and other bits), large eyes relative to head size, fly-like head shape",Insecta,Class,VII,A2,,Arthropoda,Insecta,,,,
Outdoor,GC,GCBAC_ST_05Dec2021,GCBAC_ST_05Dec2021_1,GCBAC_05Dec2021_1_IND05,1,"head shape, chewing mouthparts",Formicidae,Family,VII,A3,,Arthropoda,Insecta,Hymenoptera,Formicidae,,
Outdoor,GC,GCBAC_ST_05Dec2021,GCBAC_ST_05Dec2021_1,GCBAC_05Dec2021_1_IND06,1,"veined wings, large compound eyes, 2 pairs wings",Diptera,Order,VII,A4,,Arthropoda,Insecta,Diptera,,,
Outdoor,GC,GCBAC_ST_05Dec2021,GCBAC_ST_05Dec2021_1,GCBAC_05Dec2021_1_IND07,1,"head shape, chewing mouthparts",Formicidae,Family,VII,A5,,Arthropoda,Insecta,Hymenoptera,Formicidae,,
Outdoor,GC,GCBAC_ST_05Dec2021,GCBAC_ST_05Dec2021_1,GCBAC_05Dec2021_1_IND08,1,partial individual (some sorta piece?),Insecta,Class,VII,A6,,Arthropoda,Insecta,,,,
Outdoor,GC,GCBAC_ST_05Dec2021,GCBAC_ST_05Dec2021_1,GCBAC_05Dec2021_1_IND09,1,"partial individual (part of head, abdomen); fly-like abdomen (bluebottle or relative?), large eyes",Diptera,Order,VII,A7,,Arthropoda,Insecta,Diptera,,,
Outdoor,GC,GCBAC_ST_05Dec2021,GCBAC_ST_05Dec2021_1,GCBAC_05Dec2021_1_IND10,1,"many small pieces incorporated with dirty goo(?), series of segments with a protrusion (spike?) on either side -- leg?",Insecta,Class,VII,A8,,Arthropoda,Insecta,,,,
Outdoor,GC,GCBAC_ST_05Dec2021,GCBAC_ST_05Dec2021_1,GCBAC_05Dec2021_1_IND11,1,"beadlike antennae, elytra",Coleoptera,Order,VII,A1,,Arthropoda,Insecta,Coleoptera,,,
Outdoor,GC,GCBAC_ST_05Dec2021,GCBAC_ST_05Dec2021_2,GCBAC_05Dec2021_2_IND01,1,"many tiny pieces, like flakes of exoskeleton",Insecta,Class,VII,A9,,Arthropoda,Insecta,,,,
Outdoor,GC,GCBAC_ST_05Dec2021,GCBAC_ST_05Dec2021_2,GCBAC_05Dec2021_2_IND02,1,"humped shape, no clear head? thin abdomen -- Diptera?",Insecta,Class,VII,A10,,Arthropoda,Insecta,,,,
Outdoor,GC,GCBAC_ST_05Dec2021,GCBAC_ST_05Dec2021_2,GCBAC_05Dec2021_2_IND03,1,partial individual (2 little bits),Insecta,Class,VII,B1,,Arthropoda,Insecta,,,,
Outdoor,GC,GCBAC_ST_05Dec2021,GCBAC_ST_05Dec2021_2,GCBAC_05Dec2021_2_IND04,1,"partial individual (one piece of abdomen(?), a plate of exoskeleton)",Insecta,Class,VII,B2,,Arthropoda,Insecta,,,,
Outdoor,GC,GCBAC_ST_05Dec2021,GCBAC_ST_05Dec2021_2,GCBAC_05Dec2021_2_IND05,1,partial individual (broken up body bits),Insecta,Class,VII,B3,,Arthropoda,Insecta,,,,
Outdoor,GC,GCBAC_ST_05Dec2021,GCBAC_ST_05Dec2021_2,GCBAC_05Dec2021_2_IND06,1,partial individual (tiny bits),Insecta,Class,VII,B4,,Arthropoda,Insecta,,,,
Outdoor,GC,GCBAC_ST_05Dec2021,GCBAC_ST_05Dec2021_2,GCBAC_05Dec2021_2_IND07,1,partial individual (part of exoskeleton),Insecta,Class,VII,B5,,Arthropoda,Insecta,,,,
Outdoor,GC,GCBAC_ST_05Dec2021,GCBAC_ST_05Dec2021_2,GCBAC_05Dec2021_2_IND08,1,head shape and eye placement,Diptera,Order,VII,B6,,Arthropoda,Insecta,Diptera,,,
Outdoor,GC,GCBAC_ST_05Dec2021,GCBAC_ST_05Dec2021_2,GCBAC_05Dec2021_2_IND09,1,"hairs on body, body shape. head missing",Diptera,Order,VII,B7,,Arthropoda,Insecta,Diptera,,,
Outdoor,GC,GCBAC_ST_05Dec2021,GCBAC_ST_05Dec2021_2,GCBAC_05Dec2021_2_IND10,1,"shape of legs, body, and head; pattern of abdomen and white squiggle on wings",Leptoglossus clypealis,Species,VII,B8,,Arthropoda,Insecta,Hemiptera,Coreidae,Leptoglossus,Leptoglossus clypealis
Outdoor,GC,GCBAC_ST_05Dec2021,GCBAC_ST_05Dec2021_3,GCBAC_05Dec2021_3_IND01,1,partial individual (lots of leg pieces),Insecta,Class,VII,B9,,Arthropoda,Insecta,,,,
Outdoor,GC,GCBAC_ST_05Dec2021,GCBAC_ST_05Dec2021_3,GCBAC_05Dec2021_3_IND02,1,"hairy body, head shape, large eyes",Diptera,Order,VII,B10,,Arthropoda,Insecta,Diptera,,,
Outdoor,GC,GCBAC_ST_05Dec2021,GCBAC_ST_05Dec2021_3,GCBAC_05Dec2021_3_IND03,1,"partial individual (abdomen), abdomen is slightly crumpled",Insecta,Class,VII,C1,,Arthropoda,Insecta,,,,
Outdoor,GC,GCBAC_ST_05Dec2021,GCBAC_ST_05Dec2021_3,GCBAC_05Dec2021_3_IND04,1,"partial individual (no head, few leg pieces), hairy body and legs",Insecta,Class,VII,C2,,Arthropoda,Insecta,,,,
Outdoor,GC,GCBAC_ST_05Dec2021,GCBAC_ST_05Dec2021_3,GCBAC_05Dec2021_3_IND05,1,"partial individual (piece of abdomen, legs), hairy legs and body",Insecta,Class,VII,C3,,Arthropoda,Insecta,,,,
Outdoor,GC,GCBAC_ST_05Dec2021,GCBAC_ST_05Dec2021_3,GCBAC_05Dec2021_3_IND06,1,"eye shape, sucking mouthparts, hairy body",Diptera,Order,VII,C4,,Arthropoda,Insecta,Diptera,,,
Outdoor,GC,GCBAC_ST_05Dec2021,GCBAC_ST_05Dec2021_3,GCBAC_05Dec2021_3_IND07,1,"hard, lumpy. ???",Insecta,Class,VII,C5,,Arthropoda,Insecta,,,,
Outdoor,GC,GCBAC_ST_05Dec2021,GCBAC_ST_05Dec2021_3,GCBAC_05Dec2021_3_IND08,1,"head shape, chewing mouthparts",Formicidae,Family,VII,C6,,Arthropoda,Insecta,Hymenoptera,Formicidae,,
Outdoor,GC,GCBAC_ST_05Dec2021,GCBAC_ST_05Dec2021_3,GCBAC_05Dec2021_3_IND09,1,partial individual (scraps of exoskeleton),Insecta,Class,VII,C7,,Arthropoda,Insecta,,,,
Outdoor,GC,GCBAC_ST_05Dec2021,GCBAC_ST_05Dec2021_3,GCBAC_05Dec2021_3_IND10,1,"veined wings, head shape, eyes",Diptera,Order,VII,C8,,Arthropoda,Insecta,Diptera,,,
Outdoor,GC,GCBAC_ST_05Dec2021,GCBAC_ST_05Dec2021_4,GCBAC_05Dec2021_4_IND01,1,partial individual (tiny bits),Insecta,Class,VII,C9,,Arthropoda,Insecta,,,,
Outdoor,GC,GCBAC_ST_05Dec2021,GCBAC_ST_05Dec2021_4,GCBAC_05Dec2021_4_IND02,1,"partial individual, hairy body and legs. Araneae??",Insecta,Class,VII,C10,,Arthropoda,Insecta,,,,
Outdoor,GC,GCBAC_ST_05Dec2021,GCBAC_ST_05Dec2021_4,GCBAC_05Dec2021_4_IND03,1,"partial individual (a few leg bits, body bits?)",Insecta,Class,VII,D1,,Arthropoda,Insecta,,,,
Outdoor,GC,GCBAC_ST_05Dec2021,GCBAC_ST_05Dec2021_4,GCBAC_05Dec2021_4_IND04,1,partial individual (indiscernible body bits),Insecta,Class,VII,D2,,Arthropoda,Insecta,,,,
Outdoor,GC,GCBAC_ST_05Dec2021,GCBAC_ST_05Dec2021_4,GCBAC_05Dec2021_4_IND05,1,"partial individual (leg bits), hairy legs",Insecta,Class,VII,D3,,Arthropoda,Insecta,,,,
Outdoor,GC,GCBAC_ST_05Dec2021,GCBAC_ST_05Dec2021_4,GCBAC_05Dec2021_4_IND06,1,"in pieces, veined wings, hairy, eye shape",Diptera,Order,VII,D4,,Arthropoda,Insecta,Diptera,,,
Outdoor,GC,GCBAC_ST_05Dec2021,GCBAC_ST_05Dec2021_4,GCBAC_05Dec2021_4_IND07,1,partial individual (leg bits only),Insecta,Class,VII,D5,,Arthropoda,Insecta,,,,
Outdoor,GC,GCBAC_ST_05Dec2021,GCBAC_ST_05Dec2021_4,GCBAC_05Dec2021_4_IND08,1,partial individual (leg and exoskeleton bits),Insecta,Class,VII,D6,,Arthropoda,Insecta,,,,
Outdoor,Zion,EC2_ST_01Dec2021,EC2_ST_01Dec2021_1,EC2_01Dec2021_1_IND01,1,partial individual (little bits),Insecta,Class,VII,D7,,Arthropoda,Insecta,,,,
Outdoor,Zion,EC2_ST_01Dec2021,EC2_ST_01Dec2021_1,EC2_01Dec2021_1_IND02,1,partial individual (little bits),Insecta,Class,VII,D8,,Arthropoda,Insecta,,,,
Outdoor,Zion,EC2_ST_01Dec2021,EC2_ST_01Dec2021_1,EC2_01Dec2021_1_IND03,1,"large eyes, hunched ""posture"", head shape, mouthparts",Diptera,Order,VII,D9,,Arthropoda,Insecta,Diptera,,,
Outdoor,Zion,EC2_ST_01Dec2021,EC2_ST_01Dec2021_1,EC2_01Dec2021_1_IND04,1,"partial individual (abdomen only), layered segments on abdomen. wing shape unclear",Insecta,Class,VII,D10,,Arthropoda,Insecta,,,,
Outdoor,Zion,EC2_ST_01Dec2021,EC2_ST_01Dec2021_1,EC2_01Dec2021_1_IND05,1,"large eyes, head shape",Diptera,Order,VII,E1,,Arthropoda,Insecta,Diptera,,,
Outdoor,Zion,EC2_ST_01Dec2021,EC2_ST_01Dec2021_1,EC2_01Dec2021_1_IND06,1,"head shape, chewing mouthparts",Formicidae,Family,VII,E2,,Arthropoda,Insecta,Hymenoptera,Formicidae,,
Outdoor,Zion,EC2_ST_01Dec2021,EC2_ST_01Dec2021_2,EC2_01Dec2021_2_IND01,1,partial individual (bits),Insecta,Class,VII,E3,,Arthropoda,Insecta,,,,
Outdoor,Zion,EC2_ST_01Dec2021,EC2_ST_01Dec2021_2,EC2_01Dec2021_2_IND02,1,"hairy legs, large eyes",Diptera,Order,VII,E4,,Arthropoda,Insecta,Diptera,,,
Outdoor,Zion,EC2_ST_01Dec2021,EC2_ST_01Dec2021_2,EC2_01Dec2021_2_IND03,1,"hairy abdomen, head shape, eyes",Diptera,Order,VII,E5,,Arthropoda,Insecta,Diptera,,,
Outdoor,Zion,EC2_ST_01Dec2021,EC2_ST_01Dec2021_2,EC2_01Dec2021_2_IND04,1,"hunched ""posture"", head shape and eyes",Diptera,Order,VII,E6,,Arthropoda,Insecta,Diptera,,,
Outdoor,Zion,EC2_ST_01Dec2021,EC2_ST_01Dec2021_2,EC2_01Dec2021_2_IND05,1,"partial individual (head and abdomen?), fly-like head shape",Insecta,Class,VII,E7,,Arthropoda,Insecta,,,,
Outdoor,Zion,EC2_ST_01Dec2021,EC2_ST_01Dec2021_2,EC2_01Dec2021_2_IND06,1,"head shape, chewing mouthparts",Formicidae,Family,VII,E8,,Arthropoda,Insecta,Hymenoptera,Formicidae,,
Outdoor,Zion,EC2_ST_01Dec2021,EC2_ST_01Dec2021_2,EC2_01Dec2021_2_IND07,1,"fly-like head shape and eyes, hairy legs",Diptera,Order,VII,E9,,Arthropoda,Insecta,Diptera,,,
Outdoor,Zion,EC2_ST_01Dec2021,EC2_ST_01Dec2021_3,EC2_01Dec2021_3_IND01,1,"large compound eye, same abdomen as EC2_01Dec2021_2_IND07",Diptera,Order,VII,E10,,Arthropoda,Insecta,Diptera,,,
Outdoor,Zion,EC2_ST_01Dec2021,EC2_ST_01Dec2021_3,EC2_01Dec2021_3_IND02,1,"partial individual (abdomen(?)), hairs on body",Insecta,Class,VII,F1,,Arthropoda,Insecta,,,,
Outdoor,Zion,EC2_ST_01Dec2021,EC2_ST_01Dec2021_3,EC2_01Dec2021_3_IND03,1,"hunched ""posture"", head shape and eyes",Diptera,Order,VII,F2,,Arthropoda,Insecta,Diptera,,,
Outdoor,Zion,EC2_ST_01Dec2021,EC2_ST_01Dec2021_3,EC2_01Dec2021_3_IND04,1,"hunched ""posture"", head shape and eyes",Diptera,Order,VII,F3,,Arthropoda,Insecta,Diptera,,,
Outdoor,Zion,EC2_ST_01Dec2021,EC2_ST_01Dec2021_3,EC2_01Dec2021_3_IND05,1,partial individual (abdomen and thorax?) -- looks like EC2_01Dec2021_3_IND04 but no head present for comparison,Insecta,Class,VII,F4,,Arthropoda,Insecta,,,,
Outdoor,Zion,EC2_ST_01Dec2021,EC2_ST_01Dec2021_3,EC2_01Dec2021_3_IND06,1,"head shape, chewing mouthparts",Formicidae,Family,VII,F5,,Arthropoda,Insecta,Hymenoptera,Formicidae,,
Building,GC,GCJH_ST_05Jun2021,GCJH_ST_05Jun2021_1,GCJH_05Jun2021_1_IND01,1,"moth-like head and eye shape, body shedding something (scales??), long mouthpart?",Lepidoptera,Order,VII,F6,,Arthropoda,Insecta,Lepidoptera,,,
Building,GC,GCJH_ST_05Jun2021,GCJH_ST_05Jun2021_1,GCJH_05Jun2021_1_IND02,1,"head shape and eye placement, leg shape, spines on legs",Orthoptera,Order,VII,F7,,Arthropoda,Insecta,Orthoptera,,,
Outdoor,Zion,LH_ST_15Dec2021,LH_ST_15Dec2021_1,LH_15Dec2021_1_IND01,1,"head shape, chewing mouthparts",Formicidae,Family,VII,F8,,Arthropoda,Insecta,Hymenoptera,Formicidae,,
Outdoor,Zion,LH_ST_15Dec2021,LH_ST_15Dec2021_1,LH_15Dec2021_1_IND02,1,"partial individual (bits of exoskeleton, one piece of head), large eyes and head seems relatively large overall -- wasp?",Hymenoptera,Order,VII,F9,,Arthropoda,Insecta,Hymenoptera,,,
Outdoor,Zion,LH_ST_15Dec2021,LH_ST_15Dec2021_1,LH_15Dec2021_1_IND03,1,"head shape, eye placement",Diptera,Order,VII,F10,,Arthropoda,Insecta,Diptera,,,
Outdoor,Zion,LH_ST_15Dec2021,LH_ST_15Dec2021_1,LH_15Dec2021_1_IND04,1,"head shape, chewing mouthparts",Formicidae,Family,VII,G1,,Arthropoda,Insecta,Hymenoptera,Formicidae,,
Outdoor,Zion,LH_ST_15Dec2021,LH_ST_15Dec2021_1,LH_15Dec2021_1_IND05,1,"hairy body, head and eye shape, veined wings, sucking mouthparts",Diptera,Order,VII,G2,,Arthropoda,Insecta,Diptera,,,
Outdoor,Zion,LH_ST_15Dec2021,LH_ST_15Dec2021_1,LH_15Dec2021_1_IND06,1,hard and lumpy -- unsure if this is an invert at all? dirt?,Insecta,Class,VII,G3,,Arthropoda,Insecta,,,,
Outdoor,Zion,LH_ST_15Dec2021,LH_ST_15Dec2021_1,LH_15Dec2021_1_IND07,1,"veined wings, gooey, spines on legs",Diptera,Order,VII,G4,,Arthropoda,Insecta,Diptera,,,
Outdoor,Zion,LH_ST_15Dec2021,LH_ST_15Dec2021_2,LH_15Dec2021_2_IND01,1,"veined wings, eye placement, spined legs",Diptera,Order,VII,G5,,Arthropoda,Insecta,Diptera,,,
Outdoor,Zion,LH_ST_15Dec2021,LH_ST_15Dec2021_2,LH_15Dec2021_2_IND02,1,"head shape, eye placement",Diptera,Order,VII,G6,,Arthropoda,Insecta,Diptera,,,
Outdoor,Zion,LH_ST_15Dec2021,LH_ST_15Dec2021_2,LH_15Dec2021_2_IND03,1,"head shape, eye placement, sucking mouthparts",Diptera,Order,VII,G7,,Arthropoda,Insecta,Diptera,,,
Outdoor,Zion,LH_ST_15Dec2021,LH_ST_15Dec2021_2,LH_15Dec2021_2_IND04,1,"head shape, eye placement, abdomen shape and ""posture""",Diptera,Order,VII,G8,,Arthropoda,Insecta,Diptera,,,
Outdoor,Zion,LH_ST_15Dec2021,LH_ST_15Dec2021_2,LH_15Dec2021_2_IND05,1,"hairy body, eye number and placement, size",Salticidae,Family,VII,G9,,Arthropoda,Euchelicerata,Araneae,Salticidae,,
Outdoor,Zion,LH_ST_15Dec2021,LH_ST_15Dec2021_2,LH_15Dec2021_2_IND06,1,"head shape, eye placement",Diptera,Order,VII,G10,,Arthropoda,Insecta,Diptera,,,
Outdoor,Zion,LH_ST_15Dec2021,LH_ST_15Dec2021_2,LH_15Dec2021_2_IND07,1,"head shape, eyes, abdomen shape",Diptera,Order,VII,H1,,Arthropoda,Insecta,Diptera,,,
Outdoor,Zion,LH_ST_15Dec2021,LH_ST_15Dec2021_2,LH_15Dec2021_2_IND08,1,"veined wings, hairs, similar bits to LH_15Dec2021_1_IND07",Diptera,Order,VII,H2,,Arthropoda,Insecta,Diptera,,,
Outdoor,Zion,LH_ST_15Dec2021,LH_ST_15Dec2021_2,LH_15Dec2021_2_IND08,0,tiny bits of exoskeleton,Insecta,Class,VII,H3,,Arthropoda,Insecta,,,,
Outdoor,Zion,LH_ST_15Dec2021,LH_ST_15Dec2021_2,LH_15Dec2021_2_IND09,1,"body shape and ""posture""",Diptera,Order,VII,H4,,Arthropoda,Insecta,Diptera,,,
Outdoor,Zion,LH_ST_15Dec2021,LH_ST_15Dec2021_2,LH_15Dec2021_2_IND10,1,"body shape and ""posture""",Diptera,Order,VII,H5,,Arthropoda,Insecta,Diptera,,,
Outdoor,Zion,LH_ST_15Dec2021,LH_ST_15Dec2021_2,LH_15Dec2021_2_IND11,1,"veined wings, hairy legs",Diptera,Order,VII,H6,,Arthropoda,Insecta,Diptera,,,
Outdoor,Zion,LH_ST_15Dec2021,LH_ST_15Dec2021_2,LH_15Dec2021_2_IND12,1,"head shape, chewing mouthparts",Formicidae,Family,VII,H7,,Arthropoda,Insecta,Hymenoptera,Formicidae,,
Outdoor,Zion,LH_ST_15Dec2021,LH_ST_15Dec2021_2,LH_15Dec2021_2_IND13,2,"head shape, eyes, abdomen shape",Diptera,Order,VII,H8,,Arthropoda,Insecta,Diptera,,,
Outdoor,Zion,LH_ST_15Dec2021,LH_ST_15Dec2021_2,LH_15Dec2021_2_IND14,7,"head shape, chewing mouthparts",Formicidae,Family,VII,H9,,Arthropoda,Insecta,Hymenoptera,Formicidae,,
Outdoor,Zion,LH_ST_15Dec2021,LH_ST_15Dec2021_2,LH_15Dec2021_2_IND15,1,"""posture"", abdomen shape",Diptera,Order,VII,H10,,Arthropoda,Insecta,Diptera,,,
Outdoor,Zion,LH_ST_15Dec2021,LH_ST_15Dec2021_2,LH_15Dec2021_2_IND16,1,"head shape, chewing mouthparts",Formicidae,Family,VII,I1,,Arthropoda,Insecta,Hymenoptera,Formicidae,,
Outdoor,Zion,LH_ST_15Dec2021,LH_ST_15Dec2021_2,LH_15Dec2021_2_IND17,1,"head shape, chewing mouthparts",Formicidae,Family,VII,I2,,Arthropoda,Insecta,Hymenoptera,Formicidae,,
Outdoor,Zion,LH_ST_15Dec2021,LH_ST_15Dec2021_3,LH_15Dec2021_3_IND01,1,eyes. abdomen shape,Diptera,Order,VII,I3,,Arthropoda,Insecta,Diptera,,,
Outdoor,Zion,LH_ST_15Dec2021,LH_ST_15Dec2021_3,LH_15Dec2021_3_IND02,1,"head shape, eyes",Diptera,Order,VII,I4,,Arthropoda,Insecta,Diptera,,,
Outdoor,Zion,LH_ST_15Dec2021,LH_ST_15Dec2021_3,LH_15Dec2021_3_IND03,1,"head shape, chewing mouthparts",Formicidae,Family,VII,I5,,Arthropoda,Insecta,Hymenoptera,Formicidae,,
Outdoor,Zion,LH_ST_15Dec2021,LH_ST_15Dec2021_3,LH_15Dec2021_3_IND04,1,hard and lumpy -- unsure if this is an invert at all? dirt?,Insecta,Class,VII,I6,,Arthropoda,Insecta,,,,
Outdoor,Zion,LH_ST_15Dec2021,LH_ST_15Dec2021_4,LH_15Dec2021_4_IND01,1,"head shape, eyes, mouthparts",Diptera,Order,VII,I7,,Arthropoda,Insecta,Diptera,,,
Outdoor,Zion,LH_ST_15Dec2021,LH_ST_15Dec2021_4,LH_15Dec2021_4_IND02,1,"head shape, sucking mouthparts",Diptera,Order,VII,I8,,Arthropoda,Insecta,Diptera,,,
Outdoor,Zion,LH_ST_15Dec2021,LH_ST_15Dec2021_4,LH_15Dec2021_4_IND03,1,"partial individual (part of abdomen), hairs on abdomen",Insecta,Class,VII,I9,,Arthropoda,Insecta,,,,
Outdoor,Zion,LH_ST_15Dec2021,LH_ST_15Dec2021_4,LH_15Dec2021_4_IND04,1,"head shape, eyes, sucking mouthparts, abdomen shape",Diptera,Order,VII,I10,,Arthropoda,Insecta,Diptera,,,
Outdoor,Zion,LH_ST_15Dec2021,LH_ST_15Dec2021_4,LH_15Dec2021_4_IND05,1,"head shape, eyes, abdomen shape",Diptera,Order,VII,J1,,Arthropoda,Insecta,Diptera,,,
Outdoor,Zion,LH_ST_15Dec2021,LH_ST_15Dec2021_4,LH_15Dec2021_4_IND06,1,"head shape, eyes, sucking mouthparts, abdomen shape",Diptera,Order,VII,J2,,Arthropoda,Insecta,Diptera,,,
Outdoor,Zion,LH_ST_15Dec2021,LH_ST_15Dec2021_4,LH_15Dec2021_4_IND07,1,head and eye shape,Diptera,Order,VII,J3,,Arthropoda,Insecta,Diptera,,,
Outdoor,Zion,LH_ST_15Dec2021,LH_ST_15Dec2021_4,LH_15Dec2021_4_IND08,1,"head shape, eyes",Diptera,Order,VII,J4,,Arthropoda,Insecta,Diptera,,,
Outdoor,Zion,LH_ST_15Dec2021,LH_ST_15Dec2021_4,LH_15Dec2021_4_IND09,1,"head shape, eyes",Diptera,Order,VII,J5,,Arthropoda,Insecta,Diptera,,,
Outdoor,Zion,LH_ST_15Dec2021,LH_ST_15Dec2021_4,LH_15Dec2021_4_IND10,1,"veined wings, head and eye shape",Diptera,Order,VII,J6,,Arthropoda,Insecta,Diptera,,,
Outdoor,Zion,LH_ST_15Dec2021,LH_ST_15Dec2021_4,LH_15Dec2021_4_IND11,1,"head shape, eyes, mouthparts",Diptera,Order,VII,J7,,Arthropoda,Insecta,Diptera,,,
Outdoor,Zion,LH_ST_15Dec2021,LH_ST_15Dec2021_4,LH_15Dec2021_4_IND12,1,"chewing mouthparts, head shape, eyes, markings on face, antennae",Vespula pensylvanica,Species,VII,J8,,Arthropoda,Insecta,Hymenoptera,Vespidae,Vespula,Vespula pensylvanica
Outdoor,Zion,LH_ST_15Dec2021,LH_ST_15Dec2021_4,LH_15Dec2021_4_IND13,1,"head shape, chewing mouthparts",Formicidae,Family,VII,J9,,Arthropoda,Insecta,Hymenoptera,Formicidae,,
Outdoor,Zion,LH_ST_15Dec2021,LH_ST_15Dec2021_4,LH_15Dec2021_4_IND14,1,"head shape, eyes, abdomen shape",Diptera,Order,VII,J10,,Arthropoda,Insecta,Diptera,,,