Source,common name,ReportedName,IUCN_scientific_name,ScientificName,taxon_authority,taxon_level,Kingdom,Phylum,Class,Order,Family,Genus,life-stage,diet_category,notes
Alexander et al. 1994,,Abies,not_specified,,,,Plantae,,Pinopsida,,,,,,
Nava-Vargas 1994,,Abution ellipticum,,Pseudabutilon ellipticum,EOL,species,,,,,,,,,
Nava-Vargas 1994,,Acacia schaffneri,,Acacia schaffneri,EOL,species,,,,,,,,,
Nava-Vargas 1994,,Acalpha indica,,,,species,,,,,,,,,
Castellanos Morales et al. 2008,,Acalypha sp.,,,,genus,Plantae,,,,,,,,
Navarrete-Ozuna 2011,,Acari Oribatida,,,,,,,,,,,,,
Alexander et al. 1994,,Aces macrophyllum,,,,species,Plantae,,,,,,seeds,,
Cisneros-Moreno & Martínez-Corone 2019,house cricket,Acheta domesticus,n/a,,,species,Animalia,,Insecta,,,,,,
Grinnell et al. 1937,,acorns,,,,,,,,,,,,,
Taylor 1954,,acorns,,,,,,,,,,,,,
Wood 1954,,acorns,,,,,,,,,,,,,
Calderon Vega 2002,,Actitis maculuria,,,,species,,,,,,,,,
Kuban and Schwartz 1985,,Agave harvariana,,,,species,,,,,,,,,
Nava-Vargas 1994,,Agave lecheguila ,,,,species,,,,,,,,,
Calderon Vega 2002,,Algodon,,,,,,,,,,,,,
Navarrete-Ozuna 2011,,Alnus sp. ,,,,genus,,,,,,,,,
Roadman 2014,,Aluminum Foil,,,,n/a,,,Human-Influenced,,,,,,
Calderon Vega 2002,,Amblypygi,,,,,,,,,,,,,
Roadman 2014,,American Water Shrew,,,,species,Animalia,,Mammalia,,,,,,
Mead & van Devender 1981,,Ammospermophilus cf. leucurus,,,,species,Animalia,,Mammalia,,,,,,
Calderon Vega 2002,,Ammospermophilus insularis,,,,species,,,,,,,,,
Calderon Vega 2002,,Amphispiza belineata,,,,species,,,,,,,,,
Mead et al. 2006,,Aneides ferrus/vagrans,,,,species,,,,,,,,,
Mead et al. 2006,,Anniella pulchra,,,,species,,,,,,,,,
Cisneros-Moreno & Martínez-Corone 2019,soursop,Annona muricata,Annona muricata,,,species,Plantae,,Magnoliopsida,,,,,,
Wyatt 1993,,ant,not_specified,,,,Animalia,,Insecta,,,,,,
Calderon Vega 2002,,Antigonon leptopus,,,,,,,,,,,,,
Mead et al. 2006,,Antrozous pallidus,,,,species,,,,,,,,,
Taylor 1954,,ants,,,,,,,,,,,,,
Alexander et al. 1994,,Apidae,not_specified,,,,Animalia,,Insecta,,,,,,
Navarrete-Ozuna 2011,,Apis mellifera,,,,,,,,,,,,,
Koch & Brody 1981,Bees,Apoidea spp.,not_specified,,,,Animalia,,Insecta,,,,,,
Roadman 2014,,Apple skin,,,,,Plantae,,Human-Influenced,,,,,,
Rodríguez-Estrella et al. 2000,,Arachnida,,,,,,,,,,,,,
Toweill & Treer 1977,,Arachnida,,,,,Animalia,,,,,,,,
Nava-Vargas 1994,,Aralia pubescens,,,,species,,,,,,,,,
Nava-Vargas 1994,,Aralia pubescens,,,,species,,,,,,,,,
Sanchez 2016,,Aranae,,,,,,,,,,,,,
Calderon Vega 2002,,Aranea Therophosidae,,,,,,,,,,,,,
Alexander et al. 1994,,Araneae,not_specified,,,,Animalia,,Arachnida,,,,,,
Navarrete-Ozuna 2011,,Araneae O. Aranas ,,,,,,,,,,,,,
Trapp 1973,,Araneida & Phalangida,,,,,,,,,,,,,
Trapp 1973,,Arcostaphylos patula,,,,,,,,,,,,,
Trapp 1973,,Arthorpoda,,,,class,,,,,,,,,
Castellanos Morales et al. 2008,,Arthropods,,,,,Animalia,,Arthropoda,,,,,,
Sanchez 2016,,Aspidocelis spp.,,,,genus,,,,,,,,,
Cisneros-Moreno & Martínez-Corone 2019,leafcutter ant,Atta cephalotes,Atta cephalotes,,,species,Animalia,,Insecta,,,,,,
Alexander et al. 1994,,Aves,not_specified,,,class,Animalia,,Aves,,,,adult,,
Castellanos Morales et al. 2008,,Aves,,,,class,,,,,,,,,
Cisneros-Moreno & Martínez-Corone 2019,,Aves,,,,class,,,,,,,,,
Harrison 2012,,Aves,not_specified,,,class,Animalia,,Aves,,,,,,
Koch & Brody 1981,,Aves,not_specified,,,class,Animalia,,Aves,,,,adult,,
Nava-Vargas 1994,,Aves,,,,class,,,,,,,,,
Trapp 1973,,Aves,,,,class,,,,,,,,,
Wyatt 1993,,Aves,not_specified,,,class,Animalia,,Aves,,,,,,
Wyatt 1993,,Aves,not_specified,,,class,Animalia,,Aves,,,,egg,,
Navarrete-Ozuna 2011,,B. astutus ,,,,,,,,,,,,,
Martin et al. 1961,,barberry,,,,,,,,,,,,,
Taylor 1954,,barberry,,,,,,,,,,,,,
Mead et al. 2006,,Batrachoceps simatus,,,,species,,,,,,,,,
Mead et al. 2006,,Batrachoseps gregarius,,,,species,,,,,,,,,
Mead et al. 2006,,Batrachoseps kawia,,,,species,,,,,,,,,
Mead et al. 2006,,Batrachoseps regius,,,,species,,,,,,,,,
Wyatt 1993,,bee,not_specified,,,,Animalia,,Insecta,,,,,,
Taylor 1954,,bees,,,,,,,,,,,,,
Roadman 2014,,beetles,,,,,Animalia,,Insecta,,,,,,
Taylor 1954,,beetles,,,,,,,,,,,,,
Navarrete-Ozuna 2011,,Bidens sp. ,,,,genus,,,,,,,,,
Bradley & Hansen 1965,,bighorn lamp carcass,Ovis canadensis,,,,,,,,,,carcass,,
Bailey 1928,,birds,,,,,,,,,,,,,
Wyatt 1993,,black nightshade,,,,,Plantae,,,,,,,,
Allen et al. 2015,,Black-tailed deer,,,,species,,,,,,,carcass,,
Allen et al. 2016,,Black-tailed deer,,,,,,,,,,,carcass,,
Grinnell et al. 1937,,blackberry,,,,,Plantae,,,,,,,,
Wyatt 1993,,blackberry,,,,,Plantae,,,,,,,,
Sanchez 2016,,Blattodea,,,,,,,,,,,,,
Taylor 1954,,bluejay,,,,,,,,,,,,,
Taylor 1954,,bobwhite quail,,,,species,Animalia,,Aves,,,,,,
Taylor 1954,,bobwite quail,,,,,,,,,,,,,
Calderon Vega 2002,,Bourrera sonorae,,,,,,,,,,,,,
Sanchez 2016,,Bourreria sonorae,,,,species,,,,,,,,,
Nava-Vargas 1994,,Bouvardia ternifolia,,,,species,,,,,,,,,
Nava-Vargas 1994,,Brogniartia intermedia,,,,species,,,,,,,,,
Mead & van Devender 1981,Great horned owl,Bubo virginianus,,,,species,Animalia,,Aves,,,,,,
Martin et al. 1961,,buckthorn,,,,,,,,,,,,,
Taylor 1954,,bugs,,,,,,,,,,,,,
Rodríguez-Estrella et al. 2000,,Burceraceae,,,,,,,,,,,,,
Calderon Vega 2002,,Bursera hindstana,,,,,,,,,,,,,
Rodríguez-Estrella et al. 2000,,Bursera spp.,,,,,,,,,,,,,
Taylor 1954,,butterflies,,,,,,,,,,,,,
Wyatt 1993,,butterfly,not_specified,,,,Animalia,,Insecta,,,,,,
Calderon Vega 2002,,Cactacea,,,,,,,,,,,,,
Rodríguez-Estrella et al. 2000,,Cactaceae,,,,family,Plantae,,,,,,,,
Taylor 1954,,cactus (seeeds and fruit fragments),,,,,,,,,,,,,
Wyatt 1993,,California ground squirrel,,,,species,Animalia,,Mammalia,,,,,,
Wyatt 1993,Armagosa vole,California meadow vole,Microtus californicus,,,species,Animalia,,Mammalia,,,,,,
Wyatt 1993,,California wild grape,,,,,Plantae,,,,,,,,
Wyatt 1993,,California wild rose,,,,,Plantae,,,,,,,,
Nava-Vargas 1994,,Callandra erlophyla,,,,species,,,,,,,,,
Nava-Vargas 1994,,Calliandra media,,,,species,,,,,,,,,
Rodríguez-Estrella et al. 2000,,Callisaurus draconoides,,,,species,,,,,,,,,
Alexander et al. 1994,Incense cedar,Calocedrus decurrens (leaves),Calocedrus decurrens,,,,Plantae,,,,,,,,
Alexander et al. 1994,Carpenter ant,Camponotus,not_specified,,,,Animalia,,Insecta,,,,,,
Harrison 2012,Cactus wren,Campylorhynchus brunneicapillus,,,,,Animalia,,Aves,,,,,,
Rodríguez-Estrella et al. 2000,,Campylorhynchus brunneicapillus,,,,,,,,,,,,,
Castellanos Morales et al. 2008,,candy wrappers,,,,n/a,,,Human-Influenced,,,,,,
Roadman 2014,,candy wrappers,,,,n/a,,,Human-Influenced,,,,,,
Roadman 2014,,Canvas,,,,,,,Human-Influenced,,,,,,
Roadman 2014,,Canyon Mouse,,,,species,Animalia,,Mammalia,,,,,,
Sanchez 2016,,Capra hircus,,,,species,,,,,,,,,
Rodríguez-Estrella et al. 2000,,Caprinus capra,,,,species,,,,,,,,,
Calderon Vega 2002,,Caprinus capra,,,,species,,,,,,,,,
Navarrete-Ozuna 2011,,Capscicum sp. ,,,,genus,,,,,,,,,
Alexander et al. 1994,Ground beetle,Carabidae spp.,not_specified,,,genus,Animalia,,Insecta,,,,,,
Castellanos Morales et al. 2008,,cardboard,,,,,,,Human-Influenced,,,,,,
Taylor 1954,,cardinal,,,,species,Animalia,,Aves,,,,,,
Wood 1954,,cardinal,,,,,,,,,,,,,
Taylor 1954,,cardinal ,,,,,,,,,,,,,
Grinnell et al. 1937,,cascara,,,,,,,,,,,,,
Taylor 1954,,cascara,,,,,,,,,,,,,
Nava-Vargas 1994,,Cassia macdougaliana,,,,species,,,,,,,,,
Sanchez 2016,,Castela peninsularis,,,,species,,,,,,,,,
Calderon Vega 2002,,Castela peninsularis,,,,,,,,,,,,,
Ackerson and Harveson 2006,,Cataceae,,,,,,,,,,,,,probably Cactaceae
Mead & van Devender 1981,Turkey vulture,Cathartes aura,,,,species,Animalia,,Aves,,,,,,
Calderon Vega 2002,,Catoptrophorus semipalmatus,,,,species,,,,,,,,,
Bailey 1928,,cave crickets,,,,,,,,,,,,,
Bailey 1928,,cave mice,,,,,,,,,,,,,
Nava-Vargas 1994,,Ceitis pallida,,,,species,,,,,,,,,
Nava-Vargas 1994,,Celtis pallida,,,,species,,,,,,,,,
Trapp 1973,,Celtis reticulata,,,,species,,,,,,,,,
Toweill & Treer 1977,,Celtis sp.,,,,genus,Plantae,,,,,,,,
Ackerson and Harveson 2006,,Celtis sp. ,,,,genus,Plantae,,,,,,,,
Calderon Vega 2002,,Cenemidophorus spp.,,,,genus,,,,,,,,,
Bailey 1928,,centipedes,,,,,,,,,,,,,
Taylor 1954,,centipedes,,,,,,,,,,,,,
Rodríguez-Estrella et al. 2000,,Cerambycidae,,,,,,,,,,,,,
Mead & van Devender 1981,,cf. Fringillidae,,,,,Animalia,,Aves,,,,,,
Harrison 2012,Pocket mouse,Chaetodipus sp.,not_specified,,,genus,Animalia,,Mammalia,,,,,,
Rodríguez-Estrella et al. 2000,,Chaetodipus spinatus,,,,c,,,,,,,,,
Sanchez 2016,,Chaetodipus spinatus,,,,species,,,,,,,,,
Calderon Vega 2002,,Chaetodipus spinatus,,,,species,,,,,,,,,
Mead et al. 2006,,Charina sp.,,,,genus,,,,,,,,,
Trapp 1973,,Chemidophorus tigris,,,,species,,,,,,,,,
Castellanos Morales et al. 2008,,chewing gum,,,,,,,Human-Influenced,,,,,,
Calderon Vega 2002,,Chilomeiscus punctatissmus,,,,species,,,,,,,,,
Sanchez 2016,,Chilomeniscus punctatissmus,,,,species,,,,,,,,,
Rodríguez-Estrella et al. 2000,,Chilopoda,,,,,,,,,,,,,
Calderon Vega 2002,,Chilopoda,,,,,,,,,,,,,
Rodríguez-Estrella et al. 2000,,Chylomeniscus cinctus,,,,species,,,,,,,,,
Trapp 1973,,Citellus leucurus ,,,,species,,,,,,,,,
Trapp 1973,,Citellus variegatus,,,,species,,,,,,,,,
Alexander et al. 1994,Western red-backed vole,Clethrionmys californicus,Myodes californicus,,,species,Animalia,,Mammalia,,,,,,
Roadman 2014,,Cliff Chipmunk,,,,species,Animalia,,Mammalia,,,,,,
Mead & van Devender 1981,Western whiptail,Cnemidophorus cf. tigris,,,,species,Animalia,,Reptilia,,,,,,
Mead et al. 2006,,Cnemidophorus sp.,,,,genus,,,,,,,,,
Rodríguez-Estrella et al. 2000,,Cnemidophorus spp.,,,,genus,,,,,,,,,
Mead et al. 2006,,Cnemidophorus tigris,,,,genus,,,,,,,,,
Alexander et al. 1994,,Coelocnemis,not_specified,,,,,,,,,,,,
Harrison 2012,Northern flicker,Colaptes auratus,,,,species,Animalia,,Aves,,,,,,
Mead & van Devender 1981,Western banded gecko,Coleonyx variegatus,,,,species,Animalia,,Reptilia,,,,,,
Ackerson and Harveson 2006,,Coleoptera,,,,,Animalia,,,,,,,,
Rodríguez-Estrella et al. 2000,,Coleoptera,,,,,,,,,,,,,
Sanchez 2016,,Coleoptera,,,,,,,,,,,,,
Trapp 1973,,Coleoptera,,,,,,,,,,,adult,,
Calderon Vega 2002,,Coleoptera Caccinellidae,,,,,,,,,,,,,
Calderon Vega 2002,,Coleoptera Carabidae,,,,,,,,,,,,,
Calderon Vega 2002,,Coleoptera Chrysomelidae,,,,,,,,,,,,,
Calderon Vega 2002,,Coleoptera Curculionidae,,,,,,,,,,,,,
Calderon Vega 2002,,Coleoptera Elataridae,,,,,,,,,,,,,
Navarrete-Ozuna 2011,,Coleoptera Fam Staphylinidae ,,,,,,,,,,,,,
Navarrete-Ozuna 2011,,Coleoptera Fam. Curculionidae,,,,,,,,,,,,,
Navarrete-Ozuna 2011,,Coleoptera Fam. Scarabaeidae,,,,,,,,,,,,,
Navarrete-Ozuna 2011,,Coleoptera O. Coleopteros,,,,,,,,,,,,,
Calderon Vega 2002,,Coleoptera Scarabeidae,,,,,,,,,,,,,
Navarrete-Ozuna 2011,,Coleoptera Subfam Melolonthinae,,,,,,,,,,,,,
Navarrete-Ozuna 2011,,Coleoptera Superfam cucujoidea,,,,,,,,,,,,,
Calderon Vega 2002,,Coleoptera Tenebrionidae,,,,,,,,,,,,,
Calderon Vega 2002,,Coleoptera Tenibrionidae (larva),,,,,,,,,,,,,
Cisneros-Moreno & Martínez-Corone 2019,beetle,Coleoptera/Carabidae,,,,,Animalia,,Insecta,,,,,,
Mead & van Devender 1981,,Coluber or Masticophis,,,,,Animalia,,Reptilia,,,,,,
Mead et al. 2006,,Colubridae genus,,,,genus,,,,,,,,,
Nava-Vargas 1994,,Commenlinaceae,,,,species,,,,,,,,,
Wyatt 1993,,common fig,,,,species,Plantae,,,,,,,,
Calderon Vega 2002,,Compositae,,,,,,,,,,,,,
Martin et al. 1961,,condalia,,,,,,,,,,,,,
Taylor 1954,,Condalia,,,,,,,,,,,,,
Calderon Vega 2002,,Condalia globosa,,,,,,,,,,,,,
Nava-Vargas 1994,,Condalia mexicana,,,,species,,,,,,,,,
Mead et al. 2006,,Contia tenuis,,,,species,,,,,,,,,
Wood 1954,,coralbeads,,,,,,,,,,,,,
Calderon Vega 2002,,Cordia brevisptoata,,,,,,,,,,,,,
Mead et al. 2006,,Corynorthinus townsendii,,,,species,,,,,,,,,
Taylor 1954,,cotton rats,,,,,,,,,,,,,
Wood 1954,,cotton rats,,,,,,,,,,,,,
Taylor 1954,,cottontail,,,,species,Animalia,,,,,,,,
Wood 1954,,cottontail,,,,,,,,,,,,,
Taylor 1954,,cottontails,,,,,,,,,,,,,
Wood 1954,,cowbird,,,,,,,,,,,,,
Wood 1954,,crayfish,,,,,,,,,,,,,
Wyatt 1993,Crayfish,crayfish,not_specified,,,,,,Malacostraca,,,,,,
Roadman 2014,,crickets,,,,,Animalia,,Insecta,,,,,,
Wyatt 1993,,crickets,,,,,Animalia,,Insecta,,,,,,
Calderon Vega 2002,,Crotalus spp.,,,,genus,,,,,,,,,
Mead & van Devender 1981,,Crotalus viridis or C. mitchelli,,,,genus,Animalia,,Reptilia,,,,,,
Mead & van Devender 1981,Collared lizards,Crotaphytus collaris,,,,species,Animalia,,Reptilia,,,,,,
Trapp 1973,,Crotaphytus collaris,,,,species,,,,,,,,,
Nava-Vargas 1994,,Croton ehrenbergii,,,,species,,,,,,,,,
Nava-Vargas 1994,,Croton jucundus ,,,,species,,,,,,,,,
Calderon Vega 2002,,Crustacea,,,,,,,,,,,,,
Navarrete-Ozuna 2011,,Cucurbita sp. ,,,,genus,,,,,,,,,
Trapp 1973,,Curcurbitaceae,,,,,,,,,,,,,
Trapp 1973,,Cyperaceae,,,,,,,,,,,,,
Taylor 1954,,daddy longlegs,,,,,,,,,,,,,
Roadman 2014,,Damselfly,,,,,Animalia,,Insecta,,,,,,
Taylor 1954,,deer,,,,,,,,,,,,,
Roadman 2014,,deer mouse,,,,,Animalia,,Mammalia,,,,,,
Wyatt 1993,,deer mouse,,,,,Animalia,,Mammalia,,,,,,
Cisneros-Moreno & Martínez-Corone 2019,black-throated gray warbler,Dendroica nigrescens,Setophaga nigrescens,,,,Animalia,,Aves,,,,,,
Cisneros-Moreno & Martínez-Corone 2019,warbler,Dendroica sp.,,,,,Animalia,,Aves,,,,,,
Ackerson and Harveson 2006,,Dermaptera,,,,,Animalia,,,,,,,,
Rodríguez-Estrella et al. 2000,,Dermaptera,,,,,,,,,,,,,
Roadman 2014,,Desert Cottontail,,,,species,Animalia,,Mammalia,,,,,,
Wyatt 1993,,Desert Cottontail,,,,species,Animalia,,Mammalia,,,,,,
Mead et al. 2006,,Diadophis punctatus,,,,species,,,,,,,,,
Mead et al. 2006,,Diadophis/Tantilla,,,,,,,,,,,,,
Navarrete-Ozuna 2011,,Didelphis viriniana,,,,,,,,,,,,,
Toweill & Treer 1977,,Diospyros texana,,,,species,Plantae,,,,,,,,
Trapp 1973,,Diplopoda,,,,,,,,,,,,,
Rodríguez-Estrella et al. 2000,,Dipodomys insularis,,,,species,,,,,,,,,
Harrison 2012,Ord's kangaroo rat,Dipodomys ordii,Dipodomys ordii,,,species,Animalia,,Mammalia,,,,,,
Mead & van Devender 1981,Kangaroo rat,Dipodomys sp.,,,,genus,Animalia,,Mammalia,,,,,,
Rodríguez-Estrella et al. 2000,,Dipsosaurus dorsalis,,,,species,,,,,,,,,
Sanchez 2016,,Dipsosaurus dorsalis,,,,species,,,,,,,,,
Calderon Vega 2002,,Dipsosaurus dorsalis,,,,species,,,,,,,,,
Alexander et al. 1994,,Diptera,not_specified,,,,Animalia,,,,,,,,
Navarrete-Ozuna 2011,,Diptera (Larvas),,,,,,,,,,,,,
Navarrete-Ozuna 2011,,Diptera Fam. Phoridae,,,,,,,,,,,,,
Taylor 1954,,dogwood,,,,,,,,,,,,,
Nava-Vargas 1994,,Dolichotele longimmama,,,,species,,,,,,,,,
Alexander et al. 1994,,Dolichovespula,not_specified,,,,,,,,,,,,
Taylor 1954,,domestic sheep,,,,,,,,,,,,,
Taylor 1954,,dragonflies,,,,,,,,,,,,,
Roadman 2014,,Dragonfly,,,,,Animalia,,Insecta,,,,,,
Cisneros-Moreno & Martínez-Corone 2019,,Dulces y chocolates,,,,,Human-Influenced,,,,,,,,
Wyatt 1993,,earwig,not_specified,,,,,,Insecta,,,,,,
Nava-Vargas 1994,,Echinocereus cinerascens,,,,species,,,,,,,,,
Nava-Vargas 1994,,Echinocereus cinerascens,,,,species,,,,,,,,,
Trapp 1973,,Echinocerus spp. ,,,,genus,,,,,,,,,
Calderon Vega 2002,,Egretta caerulea,,,,species,,,,,,,,,
Alexander et al. 1994,,Eleodes,not_specified,,,,,,,,,,,,
Alexander et al. 1994,,Elgaria (skin),not_specified,,,,,,,,,,,,
Mead et al. 2006,,Elgaria coerulea,,,,species,,,,,,,,,
Mead et al. 2006,,Elgaria multicarinata,,,,species,,,,,,,,,
Mead et al. 2006,,Elgaria sp.,,,,genus,,,,,,,,,
Sanchez 2016,,Encelia forinosa,,,,species,,,,,,,,,
Mead et al. 2006,,Ensatina escholtzi,,,,species,,,,,,,,,
Ackerson and Harveson 2006,,Ephedra sp. ,,,,genus,Plantae,,,,,,,,
Cisneros-Moreno & Martínez-Corone 2019,,Eriobtrya,,,,,Plantae,,,,,,,,
Ackerson and Harveson 2006,,Eublepharidae,,,,,Animalia,,,,,,,,
Mead et al. 2006,,Eumeces gilberti,,,,species,,,,,,,,,
Mead et al. 2006,,Eumeces skiltonianus,,,,species,,,,,,,,,
Nava-Vargas 1994,,Euphorbia serpylifolia,,,,species,,,,,,,,,
Ackerson and Harveson 2006,,Fabaceae,,,,family,Plantae,,,,,,,,
Navarrete-Ozuna 2011,,Fabales A. hypogaea,,,,species,,,,,,,,,
Roadman 2014,,Fabric,,,,,,,Human-Influenced,,,,,,
White and Lloyd 1962,peregrine,Falco peregrinus,,,,species,,,,,,,,adult,
Roadman 2014,,Feathers,,,,,Animalia,,Aves,,,,,,
Alexander et al. 1994,domestic cat,Felis catus,,,,species,Animalia,,Mammalia,,,,,,
Nava-Vargas 1994,,Ferocactus histrix,,,,species,,,,,,,,,
Nava-Vargas 1994,,Ferocactus histrix,,,,species,,,,,,,,,
Martin et al. 1961,,few insects,,,,class,,,,,,,,,
Koch & Brody 1981,Fig,Ficus carica,Ficus carica,,,species,Plantae,,,,,,,seeds,
Sanchez 2016,,Ficus palmeri,,,,species,Plantae,,,,,,,,
Calderon Vega 2002,,Ficus palmeri,,,,,,,,,,,,,
Cisneros-Moreno & Martínez-Corone 2019,,Ficus sp.,,,,genus,Plantae,,,,,,,,
Wood 1954,,flicker,,,,,,,,,,,,,
Taylor 1954,,flies,,,,,,,,,,,,,
Nava-Vargas 1994,,Flores,,,,,,,,,,,,,
Calderon Vega 2002,,Forchamera watsonii,,,,,,,,,,,,,
Calderon Vega 2002,,Forestiera macrocarpa,,,,,,,,,,,,,
Cisneros-Moreno & Martínez-Corone 2019,earwig,Forficula sp.,,,,genus,Animalia,,Insecta,,,,,,
Trapp 1973,,Formicidae,,,,,,,,,,,,,
Koch & Brody 1981,Ants,Formicidea spp.,not_specified,,,genus,Animalia,,Insecta,,,,,,
Taylor 1954,,fox squirrel,,,,species,Animalia,,,,,,,,
Taylor 1954,,fox squirrels,,,,,,,,,,,,,
Wood 1954,,french mulberries,,,,,,,,,,,,,
Taylor 1954,,frog,,,,,,,,,,,,,
Bailey 1928,,fruit,,,,,,,,,,,,,
Calderon Vega 2002,,Fulica americana,,,,,,,,,,,,,
Cisneros-Moreno & Martínez-Corone 2019,,Galliformes,,,,,Animalia,,Aves,,,,,eggs,
Cisneros-Moreno & Martínez-Corone 2019,,Gallus gallus,,,,species,Animalia,,Aves,,,,,,
Alexander et al. 1994,Shallon,Gaultheria shallon,Gaultheria shallon,,,species,,,Plantae,,,,,fruit,
Alexander et al. 1994,,Glaucomys sabrinus,,,,species,,,,,,,,,
Taylor 1954,,golden-fronted woodpecker,,,,,,,,,,,,,
Roadman 2014,,Golden-mantled Ground Squirrel,,,,species,Animalia,,Mammalia,,,,,,
Roadman 2014,,Golden-mantled Ground Squirrel,,,,species,Animalia,,Mammalia,,,,,,
Wyatt 1993,,gopher snake,,,,,Animalia,,,,,,,,
Wyatt 1993,,Gramineae,,,,,Plantae,,,,,,,,
Trapp 1973,,Gramineae ,,,,,,,,,,,,,
Nava-Vargas 1994,,Gramineas,,,,,,,,,,,,,
Martin et al. 1961,,grape,,,,,,,,,,,,,
Alexander et al. 1994,Grass,Grass,not_specified,,,,Plantae,,,,,,,,
Wood 1954,,grasses,,,,,,,,,,,,,
Roadman 2014,,grasshoppers,,,,,Animalia,,Insecta,,,,,,
Taylor 1954,,grasshoppers,,,,,,,,,,,,,
Wyatt 1993,,grasshoppers,,,,,Animalia,,Insecta,,,,,,
Taylor 1954,,ground squirrels,,,,,,,,,,,,,
Martin et al. 1961,,groundcherry,,,,,,,,,,,,,
Bailey 1928,,guano bats,,,,,,,,,,,,,
Martin et al. 1961,,hacberry,,,,,,,,,,,,,
Taylor 1954,,hackberries,,,,,,,,,,,,,
Wood 1954,,hackberries,,,,,,,,,,,,,
Cisneros-Moreno & Martínez-Corone 2019,house finch,Haemorus mexicanus,,,,species,Animalia,,Aves,,,,,,
Taylor 1954,,Harris woodpecker,,,,,,,,,,,,,
Taylor 1954,,harvest mice,,,,,,,,,,,,,
Alexander et al. 1994,,Helops,not_specified,,,,,,,,,,,,
Rodríguez-Estrella et al. 2000,,Hemiptera,,,,,,,,,,,,,
Calderon Vega 2002,,Hemiptera Lygaeidae,,,,,,,,,,,,,
Calderon Vega 2002,,Hemiptera Penatatomidae,,,,,,,,,,,,,
Nava-Vargas 1994,,Heterosperma pinnatum,,,,species,,,,,,,,,
Calderon Vega 2002,,Homoptera Cicadidae,,,,,,,,,,,,,
Wood 1954,,honey locust,,,,,,,,,,,,,
Wyatt 1993,House mouse,house mouse,Mus musculus,,,species,Animalia,,Mammalia,,,,,,
Grinnell et al. 1937,,huckleberries,,,,,,,,,,,,,
Mead et al. 2006,,Hydromantes platycephalus,,,,species,,,,,,,,,
Alexander et al. 1994,,Hymenoptera,not_specified,,,,,,,,,,,,
Rodríguez-Estrella et al. 2000,,Hymenoptera,,,,,,,,,,,,,
Sanchez 2016,,Hymenoptera,not_specified,,,,,,,,,,,,
Trapp 1973,,Hymenoptera,,,,,,,,,,,,,
Calderon Vega 2002,,Hymenoptera Apidae,,,,,,,,,,,,,
Navarrete-Ozuna 2011,,Hymenoptera Fam. Formicidae,,,,,,,,,,,,,
Navarrete-Ozuna 2011,,Hymenoptera Fam. Ichneumonidae,,,,,,,,,,,,,
Calderon Vega 2002,,Hymenoptera Sphecidae,,,,,,,,,,,,,
Calderon Vega 2002,,Hymenoptera Vespidae,,,,,,,,,,,,,
Mead et al. 2006,,Hypsiglena torquata,,,,species,,,,,,,,,
Rodríguez-Estrella et al. 2000,,Hypsiglena torquata,,,,species,,,,,,,,,
Sanchez 2016,,Hyptis sp.,,,,genus,,,,,,,,,
Calderon Vega 2002,,Ictereus cucllatus,,,,species,,,,,,,,,
Ackerson and Harveson 2006,,Iguanidae,,,,,Animalia,,,,,,,,
Taylor 1954,,indigo bunting,,,,,,,,,,,,,
Roadman 2014,,Insect,,,,,,,Insecta,,,,,,
Alexander et al. 1994,,Insecta,not_specified,,,,Animalia,,Insecta,,,,,,
Koch & Brody 1981,,Insecta,not_specified,,,,Animalia,,Insecta,,,,,,
Nava-Vargas 1994,,Insecta,,,,class,,,,,,,,,
Navarrete-Ozuna 2011,,Insecta,,,,,,,,,,,,,
Toweill & Treer 1977,,Insecta,,,,,Animalia,,,,,,,,
Wood 1954,,Insecta,,,,,,,,,,,,,
Bailey 1928,,insects,,,,,,,,,,,,,
Rodríguez-Estrella et al. 2000,,Ipomoea sp.,,,,genus,,,,,,,,,
Rodríguez-Estrella et al. 2000,,Isoptera,,,,,,,,,,,,,
Navarrete-Ozuna 2011,,Jaltomata sp. ,,,,genus,,,,,,,,,
Calderon Vega 2002,,Jatropha cuneata,,,,,,,,,,,,,
Nava-Vargas 1994,,Jatropha dioica,,,,species,,,,,,,,,
Harrison 2012,dark-eyed junco,Junco hyemalis,,,,species,Animalia,,Aves,,,,,,
Toweill & Treer 1977,,Junerpis ashei,,,,species,Plantae,,,,,,,,
Taylor 1954,,Juniperus,,,,,,,,,,,,,
Trapp 1973,,Juniperus,,,,genus,Plantae,,,,,,leaves,,
Chavez-Ramirez & Slack 1993,Ashe juniper,Juniperus ashei,,,,,,,,,,,,,
Harrison 2012,One-seed juniper,Juniperus monosperma,Juniperus monosperma,,,species,Plantae,,,,,,,,
Trapp 1973,,Juniperus osteosperma,,,,,Plantae,,,,,,,,
Ackerson and Harveson 2006,,Juniperus sp. ,,,,genus,Plantae,,,,,,,,
Nava-Vargas 1994,,Justicia furcata,,,,species,,,,,,,,,
Nava-Vargas 1994,,Karwinskia humboldtiana,,,,species,,,,,,,,,
Calderon Vega 2002,,Karwinskia humboldtiana,,,,,,,,,,,,,
Taylor 1954,,lacewings,,,,,,,,,,,,,
Mead & van Devender 1981,Milk snake,Lampropeltis cf. triangulum,,,,species,Animalia,,Reptilia,,,,,,
Mead et al. 2006,,Lampropeltis getula,,,,species,,,,,,,,,
Mead & van Devender 1981,Arizona mountain kingsnake,Lampropeltis pyromelana,,,,species,Animalia,,Reptilia,,,,,,
Calderon Vega 2002,,Lanius ludovicianus,,,,species,,,,,,,,,
Calderon Vega 2002,,Larvas parasitas,,,,,,,,,,,,,
Roadman 2014,,Least chipmunk,,,,,Animalia,,Mammalia,,,,,,
Rodríguez-Estrella et al. 2000,,Leguminosae,,,,,,,,,,,,,
Navarrete-Ozuna 2011,,Leipdotera O. Leipdotero (larva),,,,,,,,,,,,,
Mead et al. 2006,,Lempropeltis zonata,,,,species,,,,,,,,,
Alexander et al. 1994,,Lepesoma,not_specified,,,,,,,,,,,,
Ackerson and Harveson 2006,,Lepidoptera,,,,,Animalia,,,,,,,,
Alexander et al. 1994,,Lepidoptera,not_specified,,,,Animalia,,Insecta,,,,,,
Burns 1961,,Lepidoptera,not_specified,,,,Animalia,,Insecta,,,,,,
Rodríguez-Estrella et al. 2000,,Lepidoptera,,,,,,,,,,,,,
Trapp 1973,,Lepidoptera,,,,,,,,,,,adult,,
Trapp 1973,,Lepidoptera,,,,,,,,,,,larvae,,
Calderon Vega 2002,,Lepidoptera,,,,,,,,,,,,,
Calderon Vega 2002,,Lepidoptera (Larvas),,,,,,,,,,,,,
Sanchez 2016,,Lepidoptero,,,,,,,,,,,,,
Alexander et al. 1994,,Lepus americanus,,,,,Animalia,,Mammalia,,,,,,
Toweill & Treer 1977,,Lepus californicus,,,,,Animalia,,,,,,,,
Sanchez 2016,,Lepus insularis,,,,,,,,,,,,,
Calderon Vega 2002,,Lepus insularis,,,,species,,,,,,,,,
Alexander et al. 1994,,lichen,not_specified,,,,,,,,,,,,
Roadman 2014,,Long-tailed Pocket Mouse,,,,species,Animalia,,Mammalia,,,,,,
Sanchez 2016,,Lophocereus spp.,,,,genus,,,,,,,,,
Rodríguez-Estrella et al. 2000,,Lycium spp.,,,,genus,,,,,,,,,
Sanchez 2016,,Lysiloma candida,,,,species,,,,,,,,,
Navarrete-Ozuna 2011,,M. mexicanus ,,,,,,,,,,,,,
Grinnell et al. 1937,,madrone,,,,,,,,,,,,,
Ackerson and Harveson 2006,,Mahonia sp.,,,,genus,Plantae,,,,,,,,
Koch & Brody 1981,,Malus malus,,,,species,,,,,,,seed,,
Rodríguez-Estrella et al. 2000,,Malvaceae,,,,,,,,,,,,,
Trapp 1973,,Mammal,,,,class,,,,,,,,,
Chavez-Ramirez & Slack 1993,,Mammalia,,,,,,,,,,,,,
Nava-Vargas 1994,,Mammalia,,,,class,,,,,,,,,
Nava-Vargas 1994,,Mammilaria oboconella,,,,species,,,,,,,,,
Nava-Vargas 1994,,Mammillaria obconella,,,,species,,,,,,,,,
Cisneros-Moreno & Martínez-Corone 2019,,Manilkara,,,,,Plantae,,,,,,,,
Rodríguez-Estrella et al. 2000,,Mantis religiosa,,,,species,,,,,,,,,
Grinnell et al. 1937,,Manzanita,,,,,Plantae,,,,,,,,
Roadman 2014,,Manzanita,,,,,Plantae,,,,,,,,
Roadman 2014,,Maple,,,,,Plantae,,,,,,seed,,
Sanchez 2016,,Masticophis spp.,,,,genus,,,,,,,,,
Calderon Vega 2002,,Masticophis spp.,,,,genus,,,,,,,,,
Mead et al. 2006,,Maticophis lateralis,,,,species,,,,,,,,,
Wood 1954,,mead,,,,,,,,,,,,,
Sanchez 2016,,Melochia tomentosa,,,,species,,,,,,,,,
Cisneros-Moreno & Martínez-Corone 2019,buderigar,Melopsittacus undulatus,,,,species,Animalia,,Aves,,,,,,
Cisneros-Moreno & Martínez-Corone 2019,canyon townee,Melozone fusca,,,,species,Animalia,,Aves,,,,,,
Trapp 1973,,Mephitis,,,,,,,,,,,adult,,
Martin et al. 1961,,mesquite,,,,,,,,,,,,,
Taylor 1954,,Mexican persimmons,,,,,Animalia,,,,,,,,
Taylor 1954,,Mexican persimmons,,,,,,,,,,,,,
Martin et al. 1961,,mice,,,,order,,,,,,,,,
Roadman 2014,,mice,,,,,Animalia,,Mammalia,,,,,,
Alexander et al. 1994,Creeping vole,Microtus oregoni,,,,species,Animalia,,Mammalia,,,,,,
Taylor 1954,,millipedes,,,,,,,,,,,,,
Wood 1954,,millipedes,,,,,,,,,,,,,
Nava-Vargas 1994,,Mimosa biuncfera,,,,species,,,,,,,,,
Rodríguez-Estrella et al. 2000,,Miriapoda,,,,,,,,,,,,,
Martin et al. 1961,,mistletoe,,,,,,,,,,,,,
Taylor 1954,,mistletoe,,,,,,,,,,,,,
Nava-Vargas 1994,,Mojas,,,,,,,,,,,,,
Alexander et al. 1994,,Mollusca,not_specified,,,,Animalia,,,,,,shell,,
Cisneros-Moreno & Martínez-Corone 2019,bronzed cowbird,Molothrus aeneus,,,,species,Animalia,,Aves,,,,,,
Nava-Vargas 1994,,Montanos tomentosa,,,,species,,,,,,,,,
Trapp 1973,mulberry,Morus,,,,genus,,,,,,,,,
Alexander et al. 1994,,moss,not_specified,,,,,,,,,,,,
Wyatt 1993,,moth,not_specified,,,,Animalia,,Insecta,,,,,,
Taylor 1954,,moths,,,,,,,,,,,,,
Taylor 1954,,mourning dove,,,,species,Animalia,,,,,,,,
Taylor 1954,,mourning dove,,,,,,,,,,,,,
Ackerson and Harveson 2006,,Muridae,,,,,Animalia,,,,,,,,
Trapp 1973,,Mus musculus,,,,species,Animalia,,,,,,,,
Calderon Vega 2002,,Myiarchus sp. ,,,,,,,,,,,,,
Nava-Vargas 1994,,Myrtillocactus geometrizans,,,,species,,,,,,,,,
Nava-Vargas 1994,,Myrtillocacuts geometrizans.,,,,species,,,,,,,,,
Nava-Vargas 1994,,Mytillocactus geometrizan,,,,species,,,,,,,,,
Harrison 2012,White-throated woodrat,Neotoma albigula,Neotoma albigula,,,species,Animalia,,Mammalia,,,,,,
Sanchez 2016,,Neotoma bryanti,,,,species,Animalia,,,,,,,,
Alexander et al. 1994,Dusky-footed woodrat,Neotoma fuscipes,Neotoma fuscipes,,,species,Animalia,,Mammalia,,,,,,
Koch & Brody 1981,Dusky-footed woodrat,Neotoma fuscipes,Neotoma fuscipes,,,species,Animalia,,Mammalia,,,,,,
Rodríguez-Estrella et al. 2000,,Neotoma lepida,,,,species,,,,,,,,,
Trapp 1973,,Neotoma lepida,,,,species,,,,,,,,,
Calderon Vega 2002,,Neotoma lepida,,,,species,,,,,,,,,
Castellanos Morales et al. 2008,Mexican woodrat,Neotoma mexicana,Neotoma mexicana,,,species,Animalia,,Mammalia,,,,,,
Harrison 2012,Mexican woodrat,Neotoma mexicana,Neotoma mexicana,,,species,Animalia,,Mammalia,,,,,,
Harrison 2012,Southern plains woodrat,Neotoma micropus,Neotoma micropus,,,species,Animalia,,Mammalia,,,,,,
Harrison 2012,,Neotoma sp.,not_specified,,,genus,Animalia,,Mammalia,,,,,,
Toweill & Treer 1977,,Neotoma sp.,,,,genus,Animalia,,,,,,,,
Grinnell et al. 1937,woodrat,Neotoma spp.,,,,genus,Animalia,,Mammalia,,,,,,
Mead & van Devender 1981,woodrat,Neotoma spp.,,,,genus,Animalia,,Mammalia,,,,,,
Roadman 2014,,Net-leaf Hackleberry,,,,,Plantae,,,,,,,,
Ackerson and Harveson 2006,,Neuroptera,,,,,Animalia,,,,,,,,
Navarrete-Ozuna 2011,,Neuroptera O. Neuropteros Larvas ,,,,,,,,,,,,,
Alexander et al. 1994,American shrew mole,Neurotrichus gibbsii,,,,species,Animalia,,Mammalia,,,,,,
Alexander et al. 1994,Sap beetle,Nitidulidae,not_specified,,,,Animalia,,Insecta,,,,,,
Mead & van Devender 1981,Crawford's gray shrew,Notiosorex crawfordi,,,,species,Animalia,,Mammalia,,,,,,
Martin et al. 1961,,oak,,,,,,,,,,,,,
Nava-Vargas 1994,,Ocuntia imbricata,,,,species,,,,,,,,,
Rodríguez-Estrella et al. 2000,,Odocoileus hemionus,,,,species,,,,,,,,,
Trapp 1973,,Odocoileus hemionus,,,,species,,,,,,,,,
Toweill & Treer 1977,,Odocoileus virginianus,,,,species,Animalia,,,,,,,,
Cisneros-Moreno & Martínez-Corone 2019,,Odonata,,,,,,,,,,,,,
Sanchez 2016,,Odonata,,,,,,,,,,,,,
Calderon Vega 2002,,Odonata Libellulidae,,,,,,,,,,,,,
Trapp 1973,,Oleaceae ,,,,,,,,,,,,,
Sanchez 2016,,Olneya teosota,,,,species,,,,,,,,,
Rodríguez-Estrella et al. 2000,,Olneya tesota,,,,species,,,,,,,,,
Alexander et al. 1994,tiger beetle,Omus,not_specified,,,,Animalia,,Insecta,,,,,,
Harrison 2012,,Onychomys sp.,not_specified,,,genus,Animalia,,Mammalia,,,,,,
Alexander et al. 1994,Harvestmen,Opilionida,not_specified,,,,Animalia,,Arachnida,,,,,,
Nava-Vargas 1994,,Opuntia cantabrigiensis,,,,species,,,,,,,,,
Nava-Vargas 1994,,Opuntia cantabrigiensis,,,,species,,,,,,,,,
Nava-Vargas 1994,,Opuntia cantabrigiensis,,,,species,,,,,,,,,
Trapp 1973,,Opuntia chlorotica,,,,species,,,,,,,,,
Nava-Vargas 1994,,Opuntia imbricata,,,,species,,,,,,,,,
Harrison 2012,Desert prickly pear,Opuntia phaeacantha,,,,species,Plantae,,,,,,,,
Trapp 1973,,Opuntia phaecantha ,,,,species,Plantae,,,,,,,,
Nava-Vargas 1994,,Opuntia pubescens,,,,species,,,,,,,,,
Castellanos Morales et al. 2008,prickly pear,Opuntia sp.,,,,genus,Plantae,,,,,,,,
Toweill & Treer 1977,,Opuntia sp.,,,,genus,Plantae,,,,,,,,
Ackerson and Harveson 2006,,Orthoptera,,,,,Animalia,,,,,,,,
Rodríguez-Estrella et al. 2000,,Orthoptera,,,,,,,,,,,,,
Sanchez 2016,,Orthoptera,,,,,,,,,,,,,
Trapp 1973,,Orthoptera,,,,,,,,,,,,,
Calderon Vega 2002,,Orthoptera Blatidae,,,,,,,,,,,,,
Navarrete-Ozuna 2011,,Orthoptera Fam. Tettigoniidae,,,,,,,,,,,,,
Calderon Vega 2002,,Orthoptera Gryllidae,,,,,,,,,,,,,
Calderon Vega 2002,,Orthoptera Mantidae,,,,,,,,,,,,,
Calderon Vega 2002,,Orthoptera Phasmatidae,,,,,,,,,,,,,
Koch & Brody 1981,Grasshoppers,Orthoptera spp.,not_specified,,,,Animalia,,Insecta,,,,,,
Calderon Vega 2002,,Orthoptera Tettigonidae,,,,,,,,,,,,,
Calderon Vega 2002,,Orthopteral Acrididae,,,,,,,,,,,,,
Navarrete-Ozuna 2011,,Ortoptera O. Ortoptero,,,,,,,,,,,,,
Cisneros-Moreno & Martínez-Corone 2019,European rabbit,Oryctolagus cuniculus,,,,species,Animalia,,Mammalia,,,,,,
Navarrete-Ozuna 2011,,P. flavus,,,,,,,,,,,,,
Sanchez 2016,,Pachycereus pringlei,,,,species,,,,,,,,,
Calderon Vega 2002,,Pachycereus pringles,,,,,,,,,,,,,
Trapp 1973,,Panacoid,,,,,,,,,,,florets & seeds,,
Sanchez 2016,,Papel,,,,,Human-Influenced,,,,,,,,
Calderon Vega 2002,,papel,,,,,,,,,,,,,
Calderon Vega 2002,,papel alminio,,,,,,,,,,,,,
Sanchez 2016,,Papel alumino,,,,,Human-Influenced,,,,,,,,
Roadman 2014,,paper,,,,,Human-Influenced,,Human-Influenced,,,,,,
Trapp 1973,,Paper & foil,,,,,Human-Influenced,,,,,,,,
Cisneros-Moreno & Martínez-Corone 2019,,Pasiflora,,,,,,,,,,,,,
Toweill & Treer 1977,,Passeriformes,,,,,Animalia,,,,,,,,
Navarrete-Ozuna 2011,,Passiflora spp. ,,,,genus,,,,,,,,,
Castellanos Morales et al. 2008,white passionflower,Passiflora subpeltata,,,,species,Plantae,,,,,,,,
Cisneros-Moreno & Martínez-Corone 2019,American cockroach,Periplaneta americana,,,,species,Animalia,,Insecta,,,,,,
Mead & van Devender 1981,rock pocket mouse,Perognathus cf. intermedius,,,,species,Animalia,,Mammalia,,,,,,
Harrison 2012,Silky pocket mouse,Perognathus flavus,Perognathus flavus,,,species,Animalia,,Mammalia,,,,,,
Harrison 2012,Pocket mouse,Perognathus sp.,not_specified,,,genus,Animalia,,Mammalia,,,,,,
Harrison 2012,Brush mouse,Peromyscus boylii,Peromyscus boylii,,,species,Animalia,,Mammalia,,,,,,
Rodríguez-Estrella et al. 2000,,Peromyscus eremicus,,,,species,Animalia,,Mammalia,,,,,,
Sanchez 2016,,Peromyscus eremicus,,,,species,Animalia,,Mammalia,,,,,,
Calderon Vega 2002,,Peromyscus eremicus,,,,species,,,,,,,,,
Castellanos Morales et al. 2008,Osgood's mouse,Peromyscus gratus,,,,species,Animalia,,Mammalia,,,,,,
Alexander et al. 1994,North American deermouse,Peromyscus maniculatus,Peromyscus maniculatus,,,species,Animalia,,Mammalia,,,,,,
Toweill & Treer 1977,,Peromyscus pectoralis,,,,species,Animalia,,Mammalia,,,,,,
Cisneros-Moreno & Martínez-Corone 2019,,Peromyscus sp.,not_specified,,,genus,Animalia,,Mammalia,,,,,,
Harrison 2012,,Peromyscus sp.,not_specified,,,genus,Animalia,,Mammalia,,,,,,
Koch & Brody 1981,,Peromyscus sp.,not_specified,,,genus,Animalia,,Mammalia,,,,,,
Navarrete-Ozuna 2011,,Peromyscus sp. ,,,,,,,,,,,,,
Grinnell et al. 1937,deer mice,Peromyscus spp.,,,,genus,Animalia,,Mammalia,,,,,,
Mead & van Devender 1981,deer mice,Peromyscus spp.,,,,genus,Animalia,,Mammalia,,,,,,
Trapp 1973,,Peromyscus spp. ,,,,genus,Animalia,,Mammalia,,,,,,
Harrison 2012,Pinyon mouse,Peromyscus truei,Peromyscus truei,,,species,Animalia,,Mammalia,,,,,,
Ackerson and Harveson 2006,,persimmon,,,,,Plantae,,,,,,seed,,
Martin et al. 1961,,Persimmon,,,,,,,,,,,,,
Wood 1954,,persimmons,,,,,,,,,,,,,
Mead et al. 2006,,Pethodon sp.,,,,genus,,,,,,,,,
Calderon Vega 2002,,Petrosaurus thalassinus,,,,species,,,,,,,,,
Calderon Vega 2002,,Phalacrocarax sp. ,,,,genus,,,,,,,,,
Rodríguez-Estrella et al. 2000,,Phaulothamnus spinescens,,,,species,,,,,,,,,
Alexander et al. 1994,Red tree vole,Phenacomys longicaudus,,,,species,Animalia,,Mammalia,,,,,,
Castellanos Morales et al. 2008,Canary Island date palm,Phoenix canariensis,,,,species,Plantae,,,,,,,,
Calderon Vega 2002,,Phorandendron diguetianum,,,,,,,,,,,,,
Mead et al. 2006,,Phrynosoma coronatum,,,,species,,,,,,,,,
Rodríguez-Estrella et al. 2000,,Phyllodactylus nocticolus,,,,species,,,,,,,,,
Cisneros-Moreno & Martínez-Corone 2019,scarab beetle,Phyllophaga sp.,,,,genus,Animalia,,Insecta,,,,,,
Navarrete-Ozuna 2011,,Physalis sp. ,,,,genus,,,,,,,,,
Rodríguez-Estrella et al. 2000,,Phytolaccaceae,,,,,,,,,,,,,
Navarrete-Ozuna 2011,,Pinales A. religiosa,,,,,,,,,,,,,
Harrison 2012,Colorado pinyon,Pinus edulis,,,,species,Plantae,,Pinopsida,,,,,,
Trapp 1973,,Pisces,,,,,,,,,,,,,
Cisneros-Moreno & Martínez-Corone 2019,,Pithecellobium,,,,,Plantae,,,,,,,,
Mead et al. 2006,,Pituophis melanoleucus,,,,species,,,,,,,,,
Castellanos Morales et al. 2008,,Plastic,,,,,,,Human-Influenced,,,,,,
Roadman 2014,,Plastic,,,,,,,Human-Influenced,,,,,,
Sanchez 2016,,Plastico,,,,,,,,,,,,,
Calderon Vega 2002,,plastico,,,,,,,,,,,,,
Alexander et al. 1994,Rain beetles,Plecoma,not_specified,,,,Animalia,,Insecta,,,,,,
Mead et al. 2006,,Plethodontidae genus,,,,species,,,,,,,,,
Martin et al. 1961,,plum,,,,,,,,,,,,,
Sanchez 2016,,Pluma/cascaron/escarna,,,,,,,,,,,,,
Nava-Vargas 1994,,Plumbago,,,,,,,,,,,,,
Cisneros-Moreno & Martínez-Corone 2019,,Poacea,,,,,,,,,,,,,
Sanchez 2016,,Poacea,,,,,,,,,,,,,
Navarrete-Ozuna 2011,,Poales Gram. ,,,,,,,,,,,,,
Navarrete-Ozuna 2011,,Poales Z. mays,,,,,,,,,,,,,
Roadman 2014,,Pocket Gophers,,,,,Animalia,,Mammalia,,,,,,
Taylor 1954,,pocket mice,,,,,,,,,,,,,
Calderon Vega 2002,,Podiceps nigricallis,,,,species,,,,,,,,,
Calderon Vega 2002,,Podilymbus podiceps,,,,species,,,,,,,,,
Wyatt 1993,American pokeweed,pokeberry,,,,,Plantae,,,,,,,,
Alexander et al. 1994,Porella,Porella,not_specified,,,,Plantae,,,,,,,,
Roadman 2014,,Prickly Pear,,,,,Plantae,,,,,,,,
Martin et al. 1961,,pricklypear,,,,,,,,,,,,,
Alexander et al. 1994,,Pristoceuthophilus,not_specified,,,,Animalia,,Insecta,,,,,,
Sanchez 2016,,Prosopis articulata,,,,species,Plantae,,,,,,,,
Harrison 2012,Honey mesquite,Prosopis glandulosa,,,,species,Plantae,,,,,,,,
Nava-Vargas 1994,,Prosopis laevigata,,,,species,,,,,,,,,
Nava-Vargas 1994,,Prosopis laevigata,,,,species,,,,,,,,,
Nava-Vargas 1994,,Prosopis laevigata,,,,species,,,,,,,,,
Wyatt 1993,,prune,,,,,Plantae,,,,,,,,
Cisneros-Moreno & Martínez-Corone 2019,black cherry,Prunus capuli,,,,species,Plantae,,,,,,,,
Koch & Brody 1981,,Prunus sp.,not_specified,,,genus,Plantae,,,,,,immature fruit; seeds,,
Navarrete-Ozuna 2011,,Pseudoscorpiones O. Seudoescropion ,,,,,,,,,,,,,
Alexander et al. 1994,Douglas fir,Pseudotsuga menziesii,Pseudotsuga menziesii,,,species,Plantae,,,,,,,,
Koch & Brody 1981,Douglas fir,Pseudotsuga menziesii (seeds),Pseudotsuga menziesii,,,species,Plantae,,,,,,,,
Cisneros-Moreno & Martínez-Corone 2019,guava,Psidium,,,,,Plantae,,,,,,,,
Alexander et al. 1994,Ground beetle,Pterostichus,not_specified,,,,Animalia,,Insecta,,,,,,
Nava-Vargas 1994,,pulchela,,,,,,,,,,,,,
Cisneros-Moreno & Martínez-Corone 2019,scarlet flycatcher,Pyrocephalus rubinus,,,,species,Animalia,,Aves,,,,,,
Trapp 1973,,Pyrus (apples),,,,,Plantae,,,,,,,,
Harrison 2012,Oak,Quercus sp.,not_specified,,,genus,Plantae,,,,,,,,
Koch & Brody 1981,Oak,Quercus sp.,not_specified,,,genus,Plantae,,,,,,,,
Navarrete-Ozuna 2011,,Quercus sp. ,,,,genus,,,,,,,,,
Cisneros-Moreno & Martínez-Corone 2019,great-tailed grackle,Quisalus mexicanus,,,,species,Animalia,,Aves,,,,,,
Martin et al. 1961,,rabbits,,,,order,,,,,,,,,
Trapp 1973,,raisins,,,,,Plantae,,,,,,,,
Calderon Vega 2002,,Randia megacarpa,,,,,,,,,,,,,
Cisneros-Moreno & Martínez-Corone 2019,brown rat,Rattus norvegicus,,,,species,Animalia,,Mammalia,,,,,,
Wyatt 1993,Rats,Rattus spp.,not_specified,,,genus,Animalia,,Mammalia,,,,,,
Calderon Vega 2002,,Recuvirostra americana,,,,species,,,,,,,,,
Martin et al. 1961,,Redcedar,,,,,,,,,,,,,
Cisneros-Moreno & Martínez-Corone 2019,goove-toothed New World harvest mice,Reinthrodontomy sp.,,,,genus,Animalia,,Mammalia,,,,,,
Trapp 1973,,Reithrodont megalotis ,,,,species,Animalia,,Mammalia,,,,,,
Koch & Brody 1981,Western harvest mouse,Reithrodontomys megalotis,Reithrodontomys megalotis,,,species,Animalia,,Mammalia,,,,,,
Harrison 2012,groove-toothed New World harvest mice,Reithrodontomys sp.,not_specified,,,genus,Animalia,,Mammalia,,,,,,
Roadman 2014,,reptile,not_specified,,,,Animalia,,Reptilia,,,,,,
Roadman 2014,,Ribes sp.,not_specified,,,,Plantae,,,,,,,,
Taylor 1954,,robin,,,,,,,,,,,,,
Wood 1954,,robin,,,,,,,,,,,,,
Alexander et al. 1994,,rocks,not_specified,,,,,,n/a,,,,,,
Navarrete-Ozuna 2011,,Rodentia B. taylori,,,,,,,,,,,,,
Navarrete-Ozuna 2011,,Rodentia G. volans ,,,,,,,,,,,,,
Navarrete-Ozuna 2011,,Rodentia N. mexicana,,,,,,,,,,,,,
Navarrete-Ozuna 2011,,Rodentia S. aurogaster,,,,,,,,,,,,,
Roadman 2014,,rope,not_specified,,,,,,Human-Influenced,,,,,,
Koch & Brody 1981,,Rosa sp.,not_specified,,,genus,Plantae,,,,,,seed,,
Navarrete-Ozuna 2011,,Rosales P. capuli,,,,species,,,,,,,,,
Trapp 1973,,Rubia tinctoria ,,,,species,,,,,,,,,
Alexander et al. 1994,,Rubus,not_specified,,,,Plantae,,,,,,,,
Koch & Brody 1981,,Rubus sp.,not_specified,,,genus,Plantae,,,,,,seed,,
Grinnell et al. 1937,,salmon,,,,,,,,,,,,,
Ackerson and Harveson 2006,,Sapindus sp. ,,,,genus,Plantae,,,,,,,,
Trapp 1973,,Sauria,,,,,,,,,,,,,
Rodríguez-Estrella et al. 2000,,Sauromalus ater,,,,species,,,,,,,,,
Sanchez 2016,,Sauromalus ater,,,,species,,,,,,,,,
Calderon Vega 2002,,Sauromalus ater,,,,species,,,,,,,,,
Mead & van Devender 1981,common chuckwalla,Sauromalus obesus,,,,species,Animalia,,Reptilia,,,,,,
Alexander et al. 1994,beetles,Scaphinotus,not_specified,,,,Animalia,,Insecta,,,,,,
Alexander et al. 1994,Scarabs,Scarabaeidae spp.,not_specified,,,,Animalia,,Insecta,,,,,,
Rodríguez-Estrella et al. 2000,,Scarabaidae,,,,,,,,,,,,,
Navarrete-Ozuna 2011,,Sceloporus aeneus,,,,species,,,,,,,,,
Mead & van Devender 1981,desert spiny lizard,Sceloporus cf. magister,,,,species,Animalia,,Reptilia,,,,,,
Mead & van Devender 1981,Eastern fence lizard,Sceloporus cf. undulatus,,,,species,Animalia,,Reptilia,,,,,,
Mead et al. 2006,,Sceloporus graciosus,,,,species,,,,,,,,,
Trapp 1973,,Sceloporus magister,,,,species,,,,,,,,,
Mead et al. 2006,,Sceloporus occidentalis,,,,species,,,,,,,,,
Rodríguez-Estrella et al. 2000,,Sceloporus spp.,,,,genus,,,,,,,,,
Sanchez 2016,,Sceloporus spp.,,,,genus,,,,,,,,,
Calderon Vega 2002,,Sceloporus spp.,,,,genus,,,,,,,,,
Cisneros-Moreno & Martínez-Corone 2019,grasshoppers,Schistocerca sp.,,,,genus,Animalia,,Insecta,,,,,,
Ackerson and Harveson 2006,,Sciuridae,,,,,Animalia,,Mammalia,,,,,,
Koch & Brody 1981,Western gray squirrel,Sciurus griseus,Sciurus griseus,,,species,Animalia,,Mammalia,,,,,,
Sanchez 2016,,Scolopendromprpha,,,,,,,,,,,,,
Trapp 1973,,Scorpiones (vejovidae,,,,,,,,,,,,,
Calderon Vega 2002,,Scorpiones (vejovidae,,,,,,,,,,,,,
Ackerson and Harveson 2006,,Scorpionidae,,,,,Animalia,,,,,,,,
Sanchez 2016,,Scorpionidae,,,,,,,,,,,,,
Rodríguez-Estrella et al. 2000,,Scorpionoidea,,,,,,,,,,,,,
Taylor 1954,,scorpions,,,,,,,,,,,,,
Nava-Vargas 1994,,Semilla spp. ,,,,genus,,,,,,,,,
Navarrete-Ozuna 2011,,Semillas spp. ,,,,genus,,,,,,,,,
Trapp 1973,,Serpentes,,,,,,,,,,,,,
Roadman 2014,Shadbush,Serviceberry,not_specified,,,,Plantae,,,,,,,,
Cisneros-Moreno & Martínez-Corone 2019,,Sesanum indicum,,,,species,Plantae,,,,,,,,
Nava-Vargas 1994,,Sida rombilfolia,,,,species,,,,,,,,,
Cisneros-Moreno & Martínez-Corone 2019,Hispid cotton rat,Sigmodon hispidus,,,,species,Animalia,,Mammalia,,,,,,
Toweill & Treer 1977,,Sigmodon hispidus,,,,species,Animalia,,Mammalia,,,,,,
Navarrete-Ozuna 2011,,Sigmodon sp. ,,,,,,,,,,,,,
Alexander et al. 1994,Stag beetles,Sinodendron,not_specified,,,,Animalia,,Insecta,,,,,,
Taylor 1954,,skunks,,,,,,,,,,,,,
Martin et al. 1961,,small bird,,,,class,,,,,,,,,
Trapp 1973,,Small mammals,,,,,,,,,,,,,
Martin et al. 1961,,small mammals ,,,,class,,,,,,,,,
Taylor 1954,,soap berry,,,,,,,,,,,,,
Trapp 1973,,Soil & Sand,,,,,,,,,,,,,
Sanchez 2016,,Solanaceae,,,,,,,,,,,,,
Calderon Vega 2002,,Solanaceae spp.,,,,,,,,,,,,,
Rodríguez-Estrella et al. 2000,,Solanum hindsianum,,,,species,,,,,,,,,
Cisneros-Moreno & Martínez-Corone 2019,,Solanum sp.,,,,genus,Plantae,,,,,,,,
Rodríguez-Estrella et al. 2000,,Solifugae,,,,,,,,,,,,,
Sanchez 2016,,Solifugae,,,,,,,,,,,,,
Calderon Vega 2002,,Solifugae,,,,,,,,,,,,,
Taylor 1954,,song sparrow ,,,,,,,,,,,,,
Mead & van Devender 1981,western ground snake,Sonora semiannulata,,,,species,Animalia,,Reptilia,,,,,,
Martin et al. 1961,,sophora,,,,,,,,,,,,,
Castellanos Morales et al. 2008,Saussure's shrew,Sorex saussurei,,,,species,Animalia,,Mammalia,,,,,,
Alexander et al. 1994,Shrews,Sorex sp.,not_specified,,,genus,Animalia,,Mammalia,,,,,,
Koch & Brody 1981,Shrews,Sorex sp.,not_specified,,,genus,Animalia,,Mammalia,,,,,,
"Roadman 2014,",Shrews,Sorex sp.,not_specified,,,genus,Animalia,,Mammalia,,,,,,
Navarrete-Ozuna 2011,,Soricomorpha C. parva ,,,,,,,,,,,,,
Wood 1954,,southern ground snake,,,,,,,,,,,,,
Wyatt 1993,Woodlouse,sowbug,not_specified,,,,Animalia,,Malacostraca,,,,,,
Grinnell et al. 1937,,sparrows,,,,,,,,,,,,,
Taylor 1954,,spectacle berry,,,,,,,,,,,,,
Koch & Brody 1981,California ground squirrel,Spermophilus beecheyi,Otospermophilus beecheyi,,,species,Animalia,,Mammalia,,,,,,
Toweill & Treer 1977,,Spermophilus mexicanus,,,,species,Animalia,,,,,,,,
Navarrete-Ozuna 2011,,Spermophilus sp. ,,,,,,,,,,,,,
Harrison 2012,Rock squirrel,Spermophilus variegatus,Otospermophilus variegatus,,,species,Animalia,,Mammalia,,,,,,
Toweill & Treer 1977,,Spermophilus variegatus,Otospermophilus variegatus,,,species,Animalia,,,,,,,,
Castellanos Morales et al. 2008,ground squirrel,Spermophylus sp.,,,,genus,Animalia,,Mammalia,,,,,,
Cisneros-Moreno & Martínez-Corone 2019,grasshoppers,Sphenarium sp.,,,,genus,Animalia,,Insecta,,,,,,
Wyatt 1993,spider,spider,not_specified,,,,Animalia,,Arthropoda,,,,,,
Wood 1954,,spiders,,,,,,,,,,,,,
Ackerson and Harveson 2006,,Spirobolida,,,,,Animalia,,,,,,,,
Alexander et al. 1994,millipede,Spirobolidae,not_specified,,,,Animalia,,Arthropoda,,,,,,
Cisneros-Moreno & Martínez-Corone 2019,,Spondias,,,,,Plantae,,,,,,,,
Grinnell et al. 1937,,squirrels,,,,,,,,,,,,,
Nava-Vargas 1994,,Stenocereus dumorieri,,,,species,,,,,,,,,
Sanchez 2016,,Stenocereus gummosus,,,,species,,,,,,,,,
Calderon Vega 2002,,Stenocereus gummosus,,,,,,,,,,,,,
Calderon Vega 2002,,Stenocereus linurberi,,,,,,,,,,,,,
Rodríguez-Estrella et al. 2000,,Stenocereus thurberi,,,,species,,,,,,,,,
Sanchez 2016,,stenocereus thurberi,,,,species,,,,,,,,,
Nava-Vargas 1994,,Sternocerues dumotieri,,,,species,,,,,,,,,
Nava-Vargas 1994,,Sternocerus marginatus,,,,species,,,,,,,,,
Navarrete-Ozuna 2011,,Storeria storerioides,,,,species,,,,,,,,,
Wyatt 1993,Strawberry,strawberry,Fragaria ananassa,,,species,Plantae,,,,,,,,
Allen 2013,,striped skunk,,,,species,Animalia,,,,,,carcass,,
Roadman 2014,,Sunflower,not_specified,,,,Plantae,,Human-Influenced,,,,seed casing,,
Alexander et al. 1994,Brush rabbit,Sylvilagus bachmani,Sylvilagus bachmani,,,,Animalia,,Mammalia,,,,,,
Castellanos Morales et al. 2008,Eastern cottontail,Sylvilagus floridanus,,,,,Animalia,,Mammalia,,,,,,
Toweill & Treer 1977,,Sylvilagus floridanus,,,,,Animalia,,,,,,,,
Koch & Brody 1981,Cottontail rabbit,Sylvilagus spp.,not_specified,,,,Animalia,,Mammalia,,,,,,
Nava-Vargas 1994,,Tagetes coronopfolia,,,,species,,,,,,,,,
Alexander et al. 1994,Townsend's chipmunk,Tamias townsendii,Neotamias townsendii,,,species,Animalia,,Mammalia,,,,,,
Mead et al. 2006,,Taricha torosa,,,,species,,,,,,,,,
Alexander et al. 1994,Pacific yew,Taxus brevifolia,Taxus brevifolia,,,,Plantae,,,,,,leaves,,
Calderon Vega 2002,,Telostei,,,,,,,,,,,,,
Rodríguez-Estrella et al. 2000,,Tenebrionidae,,,,,,,,,,,,,
Taylor 1954,,Texas jay,,,,,,,,,,,,,
Sanchez 2016,,Theraphosidae,,,,,,,,,,,,,
Trapp 1973,,Thomomys bottae,,,,species,,,,,,,,,
Taylor 1954,,thrasher,,,,,,,,,,,,,
Grinnell et al. 1937,,thrushes,,,,,,,,,,,,,
Wyatt 1993,,tick,not_specified,,,,Animalia,,Insecta,,,,,,
Taylor 1954,,ticks,,,,,,,,,,,,,
Nava-Vargas 1994,,Tilandsia usneodes,,,,species,,,,,,,,,
Cisneros-Moreno & Martínez-Corone 2019,,Tiranidae,,,,,Animalia,,Aves,,,,,,
Taylor 1954,,toad,,,,,,,,,,,,,
Alexander et al. 1994,Leafroller moths,Tortricidae,not_specified,,,,Animalia,,Insecta,,,,,,
Taylor 1954,,towhee,,,,,,,,,,,,,
Grinnell et al. 1937,,towhees,,,,,,,,,,,,,
Calderon Vega 2002,,Toxostama lecontes ,,,,species,,,,,,,,,
Koch & Brody 1981,caddisflies,Trichoptera spp.,not_specified,,,genus,Animalia,,Insecta,,,,,,
Mead & van Devender 1981,western lyre snake,Trimorphodon biscutatus,,,,species,Animalia,,Reptilia,,,,,,
Lambert & Demarais 2001,,Trophy Factors Deer Pellet,,,,not relevant,,,,,,,,Anthropogenic,
Alexander et al. 1994,camel crickets,Tropidischia,not_specified,,,,Animalia,,Insecta,,,,,,
Cisneros-Moreno & Martínez-Corone 2019,Cassin's kingbird,Tyranus vociferans,,,,species,Animalia,,Aves,,,,,,
Roadman 2014,Uinta Chipmunk,Uinta Chipmunk,Neotamias umbrinus,,,species,Animalia,,Mammalia,,,,,,
Wood 1954,,unidentified bird,,,,,,,,,,,,,
Taylor 1954,,unidentified legums,,,,,,,,,,,,,
Trapp 1973,,Unidentified tetrapoda,,,,,,,,,,,,,
Alexander et al. 1994,Forest scorpion,Uroctonus,not_specified,,,,Animalia,,Arthropoda,,,,,,
Rodríguez-Estrella et al. 2000,,Urosaurus microscutatus,,,,species,,,,,,,,,
Calderon Vega 2002,,Urosaurus nigricaudus,,,,species,,,,,,,,,
Sanchez 2016,,Usosaurus nigricaudus,,,,species,,,,,,,,,
Mead & van Devender 1981,common side-blotched lizard,Uta stanburiana,,,,species,Animalia,,Reptilia,,,,,,
Sanchez 2016,common side-blotched lizard,Uta stanburiana,,,,species,Animalia,,Reptilia,,,,,,
Calderon Vega 2002,,Uta stanburiana,,,,species,,,,,,,,,
Rodríguez-Estrella et al. 2000,,Uta stansburiana,,,,species,,,,,,,,,
Trapp 1973,,Uta stansburiana,,,,species,,,,,,,,,
Sanchez 2016,,Vegetal aloctono,,,,species,,,,,,,,,
Taylor 1954,,vinegarones,,,,,,,,,,,,,
Stake & Cimprich 2003,,Vireo atricapillus,,,,species,Animalia,,Aves,,,,egg,,
Koch & Brody 1981,California grape,Vitus californicus,,,,species,Plantae,,,,,,"immature fruit, seeds",,
Trapp 1973,,Vivis,,,,,Plantae,,,,,,fruit,,
Roadman 2014,,voles,not_specified,,,,Animalia,,Mammalia,,,,,,
Taylor 1954,,warbler (species unknown),,,,,,,,,,,,,
Wyatt 1993,,wasp,not_specified,,,,Animalia,,Insecta,,,,,,
Wyatt 1993,Western gray squirrel,western gray squirrel,Sciurus griseus,,,,Animalia,,Mammalia,,,,,,
Taylor 1954,,white footed mouse,,,,species,Animalia,,,,,,,,
Taylor 1954,,white-footed mice,,,,,,,,,,,,,
Wood 1954,,white-footed mouse,,,,,,,,,,,,,
Taylor 1954,,white-throated sparrow,,,,,,,,,,,,,
Taylor 1954,,wild plums,,,,,,,,,,,,,
Alexander et al. 1994,,wood,not_specified,,,,Plantae,,,,,,,,
Bailey 1928,,wood rats,,,,,,,,,,,,,
Taylor 1954,,wood rats,,,,,,,,,,,,,
Wood 1954,,yaupon berries,,,,,,,,,,,,,
Taylor 1954,,yellow-shafted flixker,,,,,,,,,,,,,
Grinnell et al. 1937,,yew,,,,,,,,,,,,,
Nava-Vargas 1994,,Yucca filifera,,,,species,,,,,,,,,
Nava-Vargas 1994,,Zaluzania augusta,,,,species,,,,,,,,,
Alexander et al. 1994,termites,Zootermopsis,not_specified,,,,Animalia,,Insecta,,,,,,
Calderon Vega 2002,,Stenocerus thurberi,,,,,,,,,,,,,
Nava-Vargas et al. 1999,,Aralia humilis,,,,,,,,,,,,,
Nava-Vargas et al. 1999,,Accacia shcaffneri,,,,,,,,,,,,,
Nava-Vargas et al. 1999,,Condalia mexicana,,,,,,,,,,,,,
Nava-Vargas et al. 1999,,Celtis pallida,,,,,,,,,,,,,
Nava-Vargas et al. 1999,,Echinocerueus cinerascens,,,,,,,,,,,,,
Nava-Vargas et al. 1999,,Ferocactus histrix,,,,,,,,,,,,,
Nava-Vargas et al. 1999,,Mytillocactus geometrizans,,,,,,,,,,,,,
Nava-Vargas et al. 1999,,Mammillaria obconella,,,,,,,,,,,,,
Nava-Vargas et al. 1999,,Opuntia cantabrigiensis,,,,,,,,,,,,,
Nava-Vargas et al. 1999,,Opuntia imbricata,,,,,,,,,,,,,
Nava-Vargas et al. 1999,,Prosopis laevigata,,,,,,,,,,,,,
Nava-Vargas et al. 1999,,Stenocereus dumortieri,,,,,,,,,,,,,
Nava-Vargas et al. 1999,,Yucca flifera,,,,,,,,,,,,,
Nava-Vargas et al. 1999,,Insecta,,,,,,,,,,,,,
Nava-Vargas et al. 1999,,Aves,,,,,,,,,,,,,
Nava-Vargas et al. 1999,,Peromyscus sp.,,,,,,,,,,,,,
Castellanos Morales et al. 2009,,Plants,,,,,,,,,,,,,
Castellanos Morales et al. 2009,,Mammals,,,,,,,,,,,,,
Castellanos Morales et al. 2009,,Birds,,,,,,,,,,,,,
Castellanos Morales et al. 2009,,Arthorpoda,,,,,,,,,,,,,
Castellanos Morales et al. 2009,,Human Influenced,,,,,,,,,,,,,
Villanueva 2008,,Cryptotis parva,,,,species,,,,,,,,,
Villanueva 2008,,Sorex saussurei,,,,species,,,,,,,,,
Villanueva 2008,,Liomys irroratus,,,,species,,,,,,,,,
Villanueva 2008,,Liomys pictus,,,,species,,,,,,,,,
Villanueva 2008,,Microtus mexicanus,,,,species,,,,,,,,,
Villanueva 2008,,Baiomys musculus,,,,species,,,,,,,,,
Villanueva 2008,,Baiomys taylori,,,,species,,,,,,,,,
Villanueva 2008,,Megadontomys cryophilus,,,,species,,,,,,,,,
Villanueva 2008,,Neotoma mexicana,,,,species,,,,,,,,,
Villanueva 2008,,Oryzomys couesi,,,,species,,,,,,,,,
Villanueva 2008,,Peromyscus aztecus,,,,species,,,,,,,,,
Villanueva 2008,,Peromyscus difficilis,,,,species,,,,,,,,,
Villanueva 2008,,Peromyscus gratus,,,,species,,,,,,,,,
Villanueva 2008,,Peromyscus leucopus,,,,species,,,,,,,,,
Villanueva 2008,,Peromyscus levipes,,,,species,,,,,,,,,
Villanueva 2008,,Peromyscus maniculatus,,,,species,,,,,,,,,
Villanueva 2008,,Peromyscus megalops,,,,species,,,,,,,,,
Villanueva 2008,,Peromyscus melanophrys,,,,species,,,,,,,,,
Villanueva 2008,,Peromyscus melanotis,,,,species,,,,,,,,,
Villanueva 2008,,Reithrodontomys fulvescens,,,,species,,,,,,,,,
Villanueva 2008,,Reithrodontomys megalotis,,,,species,,,,,,,,,
Villanueva 2008,,Reithrodontomys microdon,,,,species,,,,,,,,,
Villanueva 2008,,Reithrodontomys sumichrasti,,,,species,,,,,,,,,
Villanueva 2008,,Sigmodon hispidus,,,,species,,,,,,,,,
Villanueva 2008,,Mus musculus,,,,species,,,,,,,,,
Villanueva 2008,,Solanum sp,,,,genus,,,,,,,,,
Villanueva 2008,,Physalis sp.,,,,genus,,,,,,,,,
Villanueva 2008,,Physalis aff. Foetens,,,,,,,,,,,,,
Villanueva 2008,,Capsicum sp.,,,,species,,,,,,,,,
Villanueva 2008,,F. Cucurbitaceae sp,,,,,,,,,,,,,
Villanueva 2008,,F. Phytolaccaceae Phytolacca sp.,,,,,,,,,,,,,
Villanueva 2008,,F. Cactaceae Opuntia sp,,,,,,,,,,,,,
Villanueva 2008,,F.  Mesembranthemaceae  spp.,,,,,,,,,,,,,
Villanueva 2008,,F. Rosaceae,,,,,,,,,,,,,
Villanueva 2008,,Crataegus mexicana,,,,species,,,,,,,,,
Villanueva 2008,,Rubus aff. Adenotrichos,,,,,,,,,,,,,
Villanueva 2008,,Prunus capulli,,,,species,,,,,,,,,
Villanueva 2008,,F. Graminea,,,,,,,,,,,,,
Villanueva 2008,,F. Compositae,,,,,,,,,,,,,
Villanueva 2008,,Bidens serrulata,,,,,,,,,,,,,
Villanueva 2008,,Jaegeria sp,,,,,,,,,,,,,
Villanueva 2008,,Bidens odotara,,,,,,,,,,,,,
Villanueva 2008,,F. Vochyaceae,,,,,,,,,,,,,
Villanueva 2008,,F. Amarantaceae,,,,,,,,,,,,,
Villanueva 2008,,F. Vitaceae,,,,,,,,,,,,,
Villanueva 2008,,F. Rubiaceae,,,,,,,,,,,,,
Villanueva 2008,,F. Labiateae,,,,,,,,,,,,,
Villanueva 2008,,F. Leguminosae,,,,,,,,,,,,,
Villanueva 2008,,Zea maiz,,,,,,,,,,,,,
Villanueva 2008,,Madera,,,,,,,,,,,,,
Villanueva 2008,,O. Ortoptera,,,,,,,,,,,,,
Villanueva 2008,,F. Acrididae,,,,,,,,,,,,,
Villanueva 2008,,O. Coleoptera,,,,,,,,,,,,,
Villanueva 2008,,F. Escarabaidae,,,,,,,,,,,,,
Villanueva 2008,,F. Stafilinidae,,,,,,,,,,,,,
Villanueva 2008,,F.  Nitidulidae,,,,,,,,,,,,,
Villanueva 2008,,F. Melolontidae,,,,,,,,,,,,,
Villanueva 2008,,F. Carabidae,,,,,,,,,,,,,
Villanueva 2008,,O. Sifonaptera,,,,,,,,,,,,,
Villanueva 2008,,F. Formicidae,,,,,,,,,,,,,
Villanueva 2008,,F. Ixodidae,,,,,,,,,,,,,
Villanueva 2008,,O.  Diptera  Larvas,,,,,,,,,,,,,
Villanueva 2008,,O. Hemiptera,,,,,,,,,,,,,
Villanueva 2008,,Insecta,,,,,,,,,,,,,
Villanueva 2008,,Aves,,,,,,,,,,,,,
Villanueva 2008,,Cascaron,,,,,,,,,,,,,
Villanueva 2008,,Sceloporus sp.,,,,,,,,,,,,,
Villanueva 2008,,Rodentia ,,,,,,,,,,,,,
Villanueva 2008,,Insectivora,,,,,,,,,,,,,
Morales 1998,,Ipomea sp.,,,,,,,,,,,,,
Morales 1998,,Iresine sp.,,,,,,,,,,,,,
Morales 1998,,Solanum sp.,,,,,,,,,,,,,
Morales 1998,,Thevethis thevetioides,,,,,,,,,,,,,
Morales 1998,,Vitis sp.,,,,,,,,,,,,,
Morales 1998,,Insectos (Acrididae),,,,,,,,,,,,,
Morales 1998,,Aves,,,,,,,,,,,,,
Morales 1998,,L. irroratus,,,,,,,,,,,,,
Morales 1998,,Juniperus deppeana,,,,,,,,,,,,,
Morales 1998,,Monnina schlechtendaliana,,,,,,,,,,,,,
Morales 1998,,Phalarium canariensis,,,,,,,,,,,,,
Morales 1998,,Rubus sp.,,,,,,,,,,,,,
Morales 1998,,Peromyscus sp.,,,,,,,,,,,,,
Morales 1998,,Sciurus ocularus,,,,,,,,,,,,,